-- Informacion de creacion de la tabla articulos

CREATE TABLE `articulos` (
  `id_articulo` int(11) NOT NULL,
  `codigoArticulo` varchar(150) CHARACTER SET utf8 COLLATE utf8_spanish_ci NOT NULL DEFAULT '',
  `articulo` varchar(254) CHARACTER SET utf8 COLLATE utf8_spanish_ci DEFAULT NULL,
  `tipoarticulo` int(2) DEFAULT NULL,
  `rubro` varchar(254) CHARACTER SET utf8 COLLATE utf8_spanish_ci DEFAULT NULL,
  `precioV` float DEFAULT NULL,
  `baja` int(11) NOT NULL DEFAULT '0',
  PRIMARY KEY (`id_articulo`,`codigoArticulo`)
) ENGINE=InnoDB DEFAULT CHARSET=latin1;

-- Volcado de registros en la tabla articulos

INSERT INTO articulos (id_articulo, codigoArticulo, articulo, tipoarticulo, rubro, precioV, baja) VALUES
('0', '0', 'SERVICIO NO DEFINIDO', '1', 'INTERNET', '0', '0'),
('1', '100', 'Abono Mensual de Servicio de Internet 128 kb', '0', 'Internet', '116', '0'),
('2', '102', 'Abono Mensual de Servicio de Internet  512 kb', '0', 'Internet', '260', '0'),
('3', '101', 'Abono Mensual de Servicio de Internet  256 kb', '0', 'Internet', '160', '0'),
('4', '104', 'Abono Mensual de Servicio de Internet  1 MB/IP', '0', 'Internet', '495.87', '0'),
('5', '105', 'Abono Mensual de Serv. de Internet  Banda Ancha', '0', 'Internet', '232', '0'),
('6', '103', 'Abono Mensual de Servicio de Internet  64 kb', '0', 'Internet', '84', '0'),
('7', '1001', 'Abono Mensual de Servicio de Internet  2 MB/IP', '0', 'Internet', '600', '0'),
('8', '106', 'Cargos de Conexion a Internet', '0', 'Internet', '413', '0'),
('9', '200', 'Router Kozumi', '1', 'Insumos', '194', '0'),
('10', '150', 'Soporte Tecnico', '0', 'Internet', '49.6', '0'),
('11', '300', 'servicio de funcionamiento de red interna', '0', 'internet', '80', '0'),
('12', '501', 'PC Oficina marca Exo - Alfa 37', '1', 'Ventas de Artículos de Computación', '2093.39', '0'),
('13', '106', 'Servicio de Internet Banda Ancha por 30 Dias 2MB Dedicados', '0', 'internet', '1777.69', '0'),
('14', '145', 'PUERTOS', '0', 'INTERNET', '16.53', '0');


-- Informacion de creacion de la tabla cliente

CREATE TABLE `cliente` (
  `id_cliente` int(11) NOT NULL AUTO_INCREMENT,
  `nombre` varchar(150) DEFAULT NULL,
  `apellido` varchar(150) DEFAULT NULL,
  `razonsocial` varchar(150) DEFAULT NULL,
  `DNI` varchar(12) DEFAULT NULL,
  `cuit` varchar(20) DEFAULT NULL,
  `domicilio` varchar(150) DEFAULT NULL,
  `barrio` varchar(150) DEFAULT NULL,
  `ciudad` varchar(150) DEFAULT NULL,
  `provincia` int(11) NOT NULL,
  `fechaAlta` date NOT NULL,
  `CP` varchar(30) DEFAULT NULL,
  `baja` int(2) NOT NULL,
  `telf` varchar(150) DEFAULT NULL,
  `p` int(2) NOT NULL DEFAULT '0',
  `fechaingreso` date DEFAULT NULL,
  `fultimo` datetime DEFAULT NULL,
  PRIMARY KEY (`id_cliente`)
) ENGINE=MyISAM AUTO_INCREMENT=307 DEFAULT CHARSET=latin1;

-- Volcado de registros en la tabla cliente

INSERT INTO cliente (id_cliente, nombre, apellido, razonsocial, DNI, cuit, domicilio, barrio, ciudad, provincia, fechaAlta, CP, baja, telf, p, fechaingreso, fultimo) VALUES
('1', '', '', '', '', '', '', '', '', '0', '0000-00-00', '', '0', '', '0', '0000-00-00', '0000-00-00 00:00:00'),
('2', 'RAUL RICARDO', 'DIAZ', '', '12.569.300	', '', 'RIVADAVIA- 2438 - ', 'B� 4 DE JUNIO', 'LA RIOJA', '20', '2009-06-01', '5300', '0', '3822', '0', '0000-00-00', '0000-00-00 00:00:00'),
('246', 'CINTHIA', 'PAEZ', '', '', '', 'BELGRANO 348', 'CENTRO', 'LA RIOJA', '20', '2009-08-01', '5300', '0', '03822-155-99338', '0', '0000-00-00', '0000-00-00 00:00:00'),
('3', 'DAVILA', 'ALEXIS', '', '31128367', '', 'ASCA', '22552', 'LA RIOJA', '20', '2009-04-11', '5300', '0', '', '0', '0000-00-00', '0000-00-00 00:00:00'),
('5', 'ANA CECILIA', 'ABALLAY RODRIGUEZ', '', '', '', 'SAN ISIDRO Y 8 DE DICIEMBRE', 'CENTRO', 'LA RIOJA', '20', '2007-07-27', '5300', '0', '3822', '0', '2009-09-18', '2009-09-05 09:51:13'),
('6', 'MARIA LAURA', 'AGUADO', '', '14.951.427', '', 'FELIX DE LA COLINA S/N', 'EL MIRADOR', 'LA RIOJA', '20', '2009-07-01', '5300', '0', '3822', '0', '0000-00-00', '0000-00-00 00:00:00'),
('7', 'OSVALDO GERMAN', 'FUENTES', '', '29.493.514', '', 'Calle Publica sin nombre casa N° 6 ', 'Divino Niño', 'La Rioja', '20', '2009-07-01', '5300', '0', '3822', '0', '0000-00-00', '0000-00-00 00:00:00'),
('8', '', '', '', '', '', '', '', '', '0', '0000-00-00', '', '0', '', '0', '0000-00-00', '0000-00-00 00:00:00'),
('213', '', '', '', '', '', '', '', '', '0', '0000-00-00', '', '0', '', '0', '0000-00-00', '0000-00-00 00:00:00'),
('9', 'Romina Soledad', 'Nis', '', '27.798.083', '', 'Suipacha s/n', 'Puerta de La quebrada', 'La Rioja', '20', '2009-07-01', '5300', '0', '3822', '0', '0000-00-00', '0000-00-00 00:00:00'),
('10', 'VICTOR HUGO', 'CEBALLOS', '', '16.856.582', '', 'RIO PARANA 739 - ', 'DIFUNTA CORREA', 'LA RIOJA', '20', '2009-08-01', '5300', '0', '3822', '0', '0000-00-00', '0000-00-00 00:00:00'),
('11', 'JAVIER', 'DASTE', '', '24.351.345', '', 'BENJAMIN DE LA VEGA 62', 'Centro', 'La Rioja', '20', '2009-07-01', '5300', '0', '3822', '0', '0000-00-00', '0000-00-00 00:00:00'),
('12', 'EMILIO ROBERTO', 'MERAGELMAN', '', '8.618.123', '', 'CALLE SIN NOMBRE S/N Y TAMBOR DE TACUARI-', 'VARGAS', 'LA RIOJA', '20', '2009-07-01', '5300', '0', '03822 15 68-6936', '0', '0000-00-00', '0000-00-00 00:00:00'),
('13', 'LUCIA ISABEL', 'FARIAS', '', '16.758.778', '', 'CONSCRIPTO LEGUER 257', '4 DE JUNIO', 'LA RIOJA', '20', '2009-07-01', '5300', '0', '3822', '0', '0000-00-00', '0000-00-00 00:00:00'),
('14', 'LUIS ANGEL', 'PIRRO', '', '11.321.166', '', 'CALE 4 CASA 155', 'CGT- SUR', 'LA RIOJA', '20', '2009-07-01', '5300', '0', '3822', '0', '0000-00-00', '0000-00-00 00:00:00'),
('15', 'SILVERIO', 'AGUIRRE', '', '', '', 'CALLE ', 'Juan Domingo Perón', 'LA RIOJA', '20', '2009-07-01', '5300', '0', '3822', '0', '0000-00-00', '0000-00-00 00:00:00'),
('16', 'SALIM YAMILl', 'ALEM', '', '', '', 'OSMAN PAEZ CASA 4', 'MIS MONTAÑAS', 'LA RIOJA', '20', '2009-07-01', '5300', '0', '3822', '0', '0000-00-00', '0000-00-00 00:00:00'),
('227', 'CARLOS SAUL-JOSE LUIS O DOMINGO CASERO', 'MENEM', '', '', '', 'SAN ANTONIO SUD  S/N ', 'COCHANGASTA \" SUD \"', 'LA RIOJA', '20', '2009-05-01', '5300', '0', '03822-1566-1794 -47-4208 ', '0', '0000-00-00', '0000-00-00 00:00:00'),
('18', 'SILVIA  BEATRIZ', 'ALVAREZ', '', '', '', 'APOSTOL SIMON Nº 1867', 'SAN CAYETANO', 'LA RIOJA', '20', '0009-07-01', '5300', '0', '3822', '0', '0000-00-00', '0000-00-00 00:00:00'),
('19', 'ANDREA DEL VALLE', 'ALVAREZ', '', '23.963.127', '', 'Rio Pituil S/N', 'Aguaditas de Vargas', 'LA RIOJA', '20', '0009-08-01', '5300', '0', '3822', '0', '0000-00-00', '0000-00-00 00:00:00'),
('20', 'ANGEL ANIBAL', 'ANCE', '', '20.926.220', '', 'CALLAO 241 ', 'VARGAS', 'LA RIOJA', '20', '2009-07-01', '5300', '0', '3822', '0', '0000-00-00', '0000-00-00 00:00:00'),
('21', 'RAFAEL', 'ANGLADE', '', '25.917.112', '', 'CALLE 1° RODRIGUEZ S/N', 'CIRCULO COMERCIAL', 'LA RIOJA', '20', '2009-07-01', '5300', '0', '3822', '0', '0000-00-00', '0000-00-00 00:00:00'),
('22', 'ANA MARIA', 'ANDRADE', '', '', '', 'SAN NICOLAS DE BARI Nº1185', 'CENTRO', 'LA RIOJA', '20', '2008-06-12', '5300', '0', '03822-15630967', '0', '0000-00-00', '0000-00-00 00:00:00'),
('23', '', '', 'ANTEX ANDINA', '', ' 30-59935441-3', ' MATIENZO - Nº 1759', 'PARQUE INDUSTRIAL', 'LA RIOJA', '20', '2009-07-01', '5300', '0', '3822', '0', '0000-00-00', '0000-00-00 00:00:00'),
('24', 'MARIZA ALEJANDRA', 'AQUINES', '', '', '', 'Pública 1 N° 29', '48 Viviendas', 'LA RIOJA', '20', '2009-06-01', '5300', '0', '3822', '0', '0000-00-00', '0000-00-00 00:00:00'),
('208', 'SUNILDA ELIZABETH', 'ARIAS DE LOPEZ', '', '', '', 'TURIN 91', 'FERROVIARIO', 'LA RIOJA', '20', '2009-07-01', '5300', '0', '3822', '0', '0000-00-00', '0000-00-00 00:00:00'),
('26', 'JORGE ALBERTO', 'AREDES', '', '11.496.753', '', 'Calle Tucuman 1074', 'SAN MARTIN', 'LA RIOJA', '20', '2009-07-01', '5300', '0', '3822', '0', '0000-00-00', '0000-00-00 00:00:00'),
('27', 'RUBEN ', 'AREONDO', '', '21.770.873', '', 'CALLE SAN NICOLAS DE BARI O. 304', 'CENTRO', 'LA RIOJA', '20', '2009-03-27', '', '0', '011 - 1563213250 ', '0', '0000-00-00', '0000-00-00 00:00:00'),
('216', 'ANA VERONICA', 'ASCOETA', '', '', '', 'CALLE PRIVADA CONTINUACION CERRITO AL FINAL', 'QUEBRADA', 'LA RIOJA', '20', '2009-07-01', '5300', '0', '3822', '0', '0000-00-00', '0000-00-00 00:00:00'),
('29', 'SUSANA INES', 'SANTILLAN', 'ASOCIACION LOS NARANJOS', '', '', 'Servicio Roque A. Luna116 Entre Dalmacio Velez y Rivadavia', 'CENTRO', 'LA RIOJA', '20', '2009-07-01', '5300', '0', '3822', '0', '0000-00-00', '0000-00-00 00:00:00'),
('30', 'TERESITA FABIANA', 'AVILA', '', '24.946.997', '', 'CALLE NIÑO ALCADE S/N A 1/2 CUADRA CALLE EL PORTEZUELO', ' SAN NICOLAS', 'LA RIOJA', '20', '2009-07-01', '5300', '0', '3822', '0', '0000-00-00', '0000-00-00 00:00:00'),
('31', 'DIEGO', 'BAIGORRI', '', '', '', 'BALCARCE 462', 'EVITA', 'LA RIOJA', '20', '2009-07-01', '5300', '0', '3822', '0', '0000-00-00', '0000-00-00 00:00:00'),
('33', 'JOSE NICOLAS', 'ORTIZ', 'PASTORA RIOJA S.A.', '26555011', '30-60929017-6', 'EVA DUARTE DE PERON  S/N', 'PARQUE INDUSTRIAL', 'LA RIOJA', '20', '2009-07-01', '5300', '0', '3822', '0', '0000-00-00', '0000-00-00 00:00:00'),
('275', 'FABRICIO NICOLAS', 'CORDOBA LUCERO', '', '34.457.871', '', 'ECUADOR 9.000', 'VIVERO NACIONAL', 'LA RIOJA', '20', '2009-07-08', '5300', '0', '43-0259  03822 15 50-0675', '0', '0000-00-00', '0000-00-00 00:00:00'),
('35', 'DAVILA HERNAN', 'HERNAN NICOLAS', '', '30569624', '2000552252525', '435226', '2552', '255', '20', '2009-06-24', '5300', '0', '5322255', '0', '0000-00-00', '0000-00-00 00:00:00'),
('36', 'pep', '25225', '25220', '5525', '25225', '2522', 'La Rioja', '5252', '20', '2009-05-25', '5300', '0', '2522', '0', '0000-00-00', '0000-00-00 00:00:00'),
('37', 'pep', '25225', '25220', '5525', '25225', '2522', 'La Rioja', '5252', '20', '2009-05-25', '5300', '0', '2522', '0', '0000-00-00', '0000-00-00 00:00:00'),
('38', 'pep', '25225', '25220', '5525', '25225', '2522', 'La Rioja', '5252', '20', '2009-05-16', '5300', '0', '2522', '0', '0000-00-00', '0000-00-00 00:00:00'),
('39', 'MARINA ', 'DAVILA', '', '10.536.634', '30-53666366-9', 'AS', '5555', 'LA', '20', '2009-05-15', '5300', '0', '544555', '0', '2009-09-24', '2009-09-05 09:09:11'),
('40', '', 'ASSPPOL', '', '', '30-69273641-5', 'DALMACIO. VELEZ Nº 333- LA RIOJA', 'CENTRO', 'LA RIOJA', '20', '2009-07-01', '5300', '0', '03822-4-68340- 43-4355 ', '1', '0000-00-00', '0000-00-00 00:00:00'),
('41', 'GUILLERMO ARIEL', 'BANEGA', '', '', '', 'CALLE IRIBARREN 871 ', '20 DE MAYO', 'LA RIOJA', '20', '2009-07-01', '5300', '0', '3822', '0', '0000-00-00', '0000-00-00 00:00:00'),
('42', 'MARCIANO ARISTIDES', 'BARRERA', '', '80.017.368', '', 'TILCARA Nº 961	', 'INFANTERIA  III  ', 'LA RIOJA', '20', '2009-07-01', '5300', '0', '3822', '0', '0000-00-00', '0000-00-00 00:00:00'),
('43', 'LISANDRO FRANCISCO	', 'BARRIONUEVO ', '', '20.762.102', '', '8 DE DICIEMBRE 1043 	', 'TIRO FEDERAL', 'LA RIOJA', '20', '0009-06-01', '5300', '0', '', '0', '0000-00-00', '0000-00-00 00:00:00'),
('44', 'NICASIO', 'BARRIONUEVO', '', '', '', 'JOAQUIN V. GONZALEZ Nº 789', 'JUDICIAL	', 'LA RIOJA', '20', '2009-07-01', '5300', '0', '3822', '0', '0000-00-00', '0000-00-00 00:00:00'),
('221', 'LAURA NOELEIA', 'BARSOLA', '', '', '', 'CALLE 8 DE DICIEMBRE 946', 'CENTRO', 'LA RIOJA', '20', '2009-07-01', '5300', '0', '03822-15388708', '0', '0000-00-00', '0000-00-00 00:00:00'),
('46', 'MARCELO	', 'BASUALDO', '', '', '', 'SAN NICOLAS DE BARI Nº 218 - PISO 6º - DPTO ', 'CENTRO', 'LA RIOJA', '20', '2009-07-01', '5300', '0', '3822', '0', '0000-00-00', '0000-00-00 00:00:00'),
('47', 'JULIO CESAR', 'BENEGA', '', '', '', 'SEVERO CHUMBITA S/N', '20 DE MAYO	', 'LA RIOJA', '20', '2009-04-01', '5300', '0', '03822- 155-52519	', '0', '0000-00-00', '0000-00-00 00:00:00'),
('48', 'JORGE FABIAN', 'BERNALES', '', '', '', 'Av. Lanzilloto Casa Nº 1 	', 'Divino Niño - Caritas', 'LA RIOJA', '20', '2009-07-01', '5300', '0', '3822', '0', '0000-00-00', '0000-00-00 00:00:00'),
('49', 'HUGO	', 'BRANDONI ', '', '', '', 'CABO 1º RODRIGUEZ Nº 252	', '4 DE JUNIO', 'LA RIOJA', '20', '2009-06-01', '5300', '0', '3822', '0', '0000-00-00', '0000-00-00 00:00:00'),
('50', 'WALTER EMILIO', 'BULACIO,', '', '', '', 'CONT. RIVADAVIA Y SIGORRAGA ', '4 DE JUNIO 	', 'LA RIOJA', '20', '2009-07-01', '5300', '0', '3822', '0', '0000-00-00', '0000-00-00 00:00:00'),
('232', 'GUSTAVO NICOLAS', 'CABRERA', '', '26.336.208', '', 'CALLE MOLLE S/N ', 'CANAL NUEVE (DOS)', 'LA RIOJA', '20', '2009-07-01', '5300', '0', '03822 49-0516 - 03822 15 52-8470', '0', '0000-00-00', '0000-00-00 00:00:00'),
('52', 'JORGE', 'CABRERA', '', '29.284.475', '', '8 DE DICIEMBRE 162				', 'CENTRO', 'LA RIOJA', '20', '0009-07-01', '5300', '0', '3822', '0', '0000-00-00', '0000-00-00 00:00:00'),
('53', 'JUAN CARLOS', 'CAMARGO ', '', '', '', 'SALTA Y MAR DEL PLATA', 'P. INDUSTRIAL', 'LA RIOJA', '20', '2009-05-01', '5300', '0', '3822', '0', '0000-00-00', '0000-00-00 00:00:00'),
('234', 'LINA ADRIANA', 'ARGUELLO', '', '21.101.16', '', 'CALLE PUBLICA CASA 56', 'MARIA AUGUSTA', 'LA RIOJA', '20', '2009-07-01', '5300', '0', '03822-15622442', '0', '0000-00-00', '0000-00-00 00:00:00'),
('55', 'EMILIO', 'CARBO ', '', '', '', 'SAN MARTIN  156	', 'CENTRO', 'LA RIOJA', '20', '2009-07-01', '5300', '0', '3822', '0', '0000-00-00', '0000-00-00 00:00:00'),
('56', 'VICTOR EDUARDO		', 'CARRIZO ', '', '', '', 'CALLE PASAJE RIO SECO 5° Casa				', 'SANTA ROSA', 'LA RIOJA', '20', '0009-07-01', '5300', '0', '3822', '0', '0000-00-00', '0000-00-00 00:00:00'),
('257', 'RAMON ALEJANDRO', 'CAYON', '', '', '', 'CALLE OLEGARIO 421', 'LOS OLIVARES', 'LA RIOJA', '20', '2009-07-01', '5300', '0', '388', '1', '0000-00-00', '0000-00-00 00:00:00'),
('244', 'ALICIA BEATRIZ', 'VILCHES', '', '', '', 'PASAJE S/N', 'VARGAS', 'LA RIOJA', '20', '2009-05-01', '5300', '0', '', '0', '0000-00-00', '0000-00-00 00:00:00'),
('59', 'NORA BEATRIZ', 'CEREZO', '', '23.305.654', '', 'Calle  Publica 13 Manzana 56  ', 'Aguaditas de Vargas	', 'LA RIOJA', '20', '2009-06-01', '5300', '0', '03822-03822 15 281429	', '0', '0000-00-00', '0000-00-00 00:00:00'),
('60', 'FERNANDO JAVIER 	', 'CHANAMPE ', '', '', '', 'San Antonio ', 'Cochangasta ', 'LA RIOJA', '20', '2009-07-01', '5300', '0', '3822', '0', '0000-00-00', '0000-00-00 00:00:00'),
('61', 'ALEJANDRA ', 'QUIROGA', 'COLORTEX S.A.	', '', '30-60080273-5', 'EVA D. PERON -Nº 1711', 'PARQUE INDUSTRIAL	', 'LA RIOJA', '20', '2009-07-01', '5300', '0', '4', '0', '0000-00-00', '0000-00-00 00:00:00'),
('207', 'JHON EMERSON', 'CONTRERAS', '', '', '', 'CALLE VICENTE BUSTOS 460 BLOQUE 4- 1| PISO', 'SAN ROMAN', 'LA RIOJA', '20', '2009-07-01', '5300', '0', '3822', '0', '0000-00-00', '0000-00-00 00:00:00'),
('63', ' MARCOS	', ' SANCHEZ', 'COOP. DE TRAB. P y H.Ltda', '11.879.579', '33-71000544-9', 'ROSARIO VERA PEÑALOZA 961	', 'PARQUE INDUSTRIAL', 'LA RIOJA', '20', '2009-06-01', '5300', '0', '03822-156-66122	', '0', '0000-00-00', '0000-00-00 00:00:00'),
('202', 'SERGIO ABEL', 'ALDAO', '', '28.172.685', '', 'CALLE CATAMARCA Nº 54', 'CENTRO', 'LA RIOJA', '20', '2009-06-17', '5300', '0', '3822', '0', '0000-00-00', '0000-00-00 00:00:00'),
('203', 'FABIANA PAOLA', 'LIZARRAGA', '', '26.277.276', '', 'CALLE COSTA RICA Nº 446', 'VARGAS', 'LA RIOJA', '20', '2009-06-17', '5300', '0', '3822', '0', '0000-00-00', '0000-00-00 00:00:00'),
('65', 'MARIANA', 'COSEDDÚ ', '', '', '', 'San Nicolás de Bari Nº 218 - Piso ', 'CENTRO', 'LA RIOJA', '20', '2009-07-01', '5300', '0', '3822', '0', '0000-00-00', '0000-00-00 00:00:00'),
('66', 'Monica ', 'Diaz', 'Cultura Municipal Ciudad de las Artes', '', '', 'Av. Rivadavia esq. Av. Facundo Quiroga', 'CENTRO', 'LA RIOJA', '20', '2009-06-01', '5300', '0', '03822 15-56-0956-47-4025', '0', '0000-00-00', '0000-00-00 00:00:00'),
('67', 'ANGEL EDUARDO', 'MAZA', '', '', '', '', 'COCHANGASTA', 'LA RIOJA', '20', '2009-08-01', '5300', '0', '', '0', '0000-00-00', '0000-00-00 00:00:00'),
('236', 'JUAN', 'LEON', 'ESCUELA PIO XII', '', '', '', 'CENTRO', 'LA RIOJA', '20', '0000-00-00', '5300', '0', '', '0', '0000-00-00', '0000-00-00 00:00:00'),
('235', 'CARLOS DANIEL', 'DI NICOLA', '', '18.500.713', '', 'AV, RIVADAVIA 447', ' CENTRO', 'LA RIOJA', '20', '2009-07-01', '5300', '0', '03822 15363789 -  03822 465702 OFICINA	', '0', '0000-00-00', '0000-00-00 00:00:00'),
('233', 'KARINA VERONICA', 'CAMPOS', '', '25.225.812', '', 'CASA ESQUINA CALLE NICOLAS CORDOBA Y RIO COLORADO', 'VARGAS', 'LA RIOJA', '20', '2009-08-01', '5300', '0', '03822 15 498888	', '0', '0000-00-00', '0000-00-00 00:00:00'),
('71', 'FLAVIO', 'PEREZ ', 'DESPACHANTES DE ADUANA', '27.127.914', '30-71050589-2', 'JUAN MANUEL DE ROSAS  140', 'PQUE. INDUST', 'LA RIOJA', '20', '2009-07-01', '5300', '0', '3822', '0', '0000-00-00', '0000-00-00 00:00:00'),
('72', 'JOSE GUSTAVO ', 'DE LA FUENTE ', '', '31.712.552', '', 'JOAQUIN V. GONZALES 492', 'CENTRO', 'LA RIOJA', '20', '2009-08-01', '5300', '0', '3822', '0', '0000-00-00', '0000-00-00 00:00:00'),
('73', 'HUGO FABIAN', 'TAPIA ', 'DEFENSA CIVIL', '', '', 'AVDA SAN FRANCISCO Km 6 1/2', 'LA QUEEBRADA', 'LA RIOJA', '20', '2009-07-01', '5300', '0', '3822', '0', '0000-00-00', '0000-00-00 00:00:00'),
('74', 'GRISELDA', 'DE LA FUENTE', 'DEFENSORIA GENERAL ED. FED.', '27.127.914', '30-71050589-2', 'SAN MARTIN Nº 117  - PISO 4º*--EDIF. FEDERACION', 'CENTRO', 'LA RIOJA', '20', '2009-07-01', '5300', '0', '3822', '0', '0000-00-00', '0000-00-00 00:00:00'),
('75', 'CECILIO', 'ARIAS', 'DEUDA PUBLICA', '', '', 'SAN MARTIN Nº-117 - P 3º', 'CENTRO', 'LA RIOJA', '20', '2009-06-01', '5300', '0', '3822', '0', '0000-00-00', '0000-00-00 00:00:00'),
('76', 'BAZAN JUDIT', 'DIAZ', '', '', '', 'BERUTTI Nº 1282 ', 'Evita ', 'LA RIOJA', '20', '2009-07-01', '5300', '0', '3822', '0', '0000-00-00', '0000-00-00 00:00:00'),
('251', 'DANIEL MARCELO', 'BARROS', '', '24.808.631', '', 'CONTINUACION BASE MARGARITA', '8 DE DICIEMBRE', 'LA RIOJA', '20', '2009-07-04', '5300', '0', '03822 15 61-6123', '0', '0000-00-00', '0000-00-00 00:00:00'),
('79', 'LORENZO NICOLAS', 'DIAZ', '', '67.064.01', '', 'CHACABUCO 830	', '03822 42-2703  03822 15 38-1962', 'LA RIOJA', '20', '2009-08-01', '5300', '0', '3822', '1', '0000-00-00', '0000-00-00 00:00:00'),
('80', 'LILIANA ', 'LOPEZ', 'I.S.F.D. Dr. Pedro Ignacio de Castro Barros', '', '', 'PELAGIO B. LUNA 749', 'CENTRO', 'LA RIOJA', '20', '2009-07-01', '5300', '0', '3822', '0', '0000-00-00', '0000-00-00 00:00:00'),
('81', 'CARLOS FRANCISCO', 'EULIARTE ', '', '', '', 'INDEPENDENDCIA Nº 427', 'FERROVIARIO', 'LA RIOJA', '20', '2009-05-01', '5300', '0', '3822', '0', '0000-00-00', '0000-00-00 00:00:00'),
('82', 'HECTOR EDUARDO', 'EULIARTE ', '', '', '30-70822647-1', 'CALLE JURAMENTO1240 ', '9 DE JULIO', 'LA RIOJA', '20', '2009-06-01', '5300', '0', '3822', '0', '0000-00-00', '0000-00-00 00:00:00'),
('83', 'ROLANDO', 'SILVA', 'F. M. ARGENTINA-DEUDOR', '27.294.119', '', 'POTOSI S/N', 'COCHANGASTA ', 'LA RIOJA', '20', '0000-00-00', '5300', '0', '03822- 155-94370	', '0', '0000-00-00', '0000-00-00 00:00:00'),
('84', 'MARIA DE LOS ANGELES', 'FALCON ', '', '25.482.625', '', 'AV, FRANCISCO NARBONA CASA 21 ', '30 VIVIENDAS', 'LA RIOJA', '20', '2009-07-01', '5300', '0', '3822', '0', '0000-00-00', '0000-00-00 00:00:00'),
('85', 'MARIA VICTORIA', 'FERRARA', '', '', '30-70822647-1', 'POTOSI S/N', 'COCHANGASTA ', 'LA RIOJA', '20', '2009-07-01', '5300', '0', '', '0', '0000-00-00', '0000-00-00 00:00:00'),
('86', 'JOSE LUIS', 'FERREYRA ', '', '32.628.277', '', 'BAZAN Y BUSTOS 855 DPTO 3 ', 'CENTRO	', 'LA RIOJA', '20', '2009-06-01', '5300', '0', '03822 03822-15205709			03822-15205709	03822 15 20-5709				', '0', '0000-00-00', '0000-00-00 00:00:00'),
('87', 'MARGOTT', 'FLORES DE ROMERO ', '', '27.294.119', '', 'CASA Nº 2-MZNA 65', 'LA AGUADITA DE VARGAS', 'LA RIOJA', '20', '2009-07-01', '5300', '0', '3822', '0', '0000-00-00', '0000-00-00 00:00:00'),
('88', 'MARIA EUGENIA', 'FLORES', '', '30.307.183', '', 'CALLE PUBLICA Y MAXIMILIANO COSTEQUI ', 'MIRADOR II', 'LA RIOJA', '20', '2009-07-01', '5300', '0', '3822', '0', '0000-00-00', '0000-00-00 00:00:00'),
('89', 'ALICIA', 'FRANCIS', '', '', '', 'CERRO AMBATO Nº 751	', 'LAS ACACIAS ', 'LA RIOJA', '20', '2009-07-01', '5300', '0', '3822', '0', '0000-00-00', '0000-00-00 00:00:00'),
('90', 'FREE DISTRIBUCIONES S.R.L.', '', 'FREE DISTRIBUCIONES S.R.L.', '', '30-70971673-1', 'SALTA Nº 20 - ROQUE SAENZ PEÑA Nº 151	', 'PARQUE INDUSTRIAL', 'LA RIOJA', '20', '2009-07-01', '5300', '0', '3822', '0', '0000-00-00', '0000-00-00 00:00:00'),
('91', 'OSVALDO GERMAN', 'FUENTES', '', '', '', 'CALLE PÙBLICA S/N CASA 6  				', 'DIVINO NIÑO CARITAS', 'LA RIOJA', '20', '2009-06-01', '5300', '0', '03822 15216905	', '0', '0000-00-00', '0000-00-00 00:00:00'),
('229', 'HOSPITAL-FERRARI', '', 'FUNDACION BARCELO ( HOSPITAL )', '', '27-29411915-4', 'CASA Nº 2-MZNA 65', 'LA AGUADITA DE VARGAS ', 'LA RIOJA', '20', '2009-07-01', '5300', '0', '3822', '0', '0000-00-00', '0000-00-00 00:00:00'),
('93', 'ESTELA EDITH', 'GAMBA ', '', '', '', 'SAN NICOLAS DE BARI 218 PISO 9 DPTO ', 'CENTRO', 'LA RIOJA', '20', '2009-07-01', '5300', '0', '3875', '0', '0000-00-00', '0000-00-00 00:00:00'),
('94', 'SANDRA MONICA', 'GODOY,', '', '27.294.119', '', 'ASCASUBI 853	', 'JUAN MELIS', 'LA RIOJA', '20', '2009-07-01', '5300', '0', '3822', '1', '0000-00-00', '0000-00-00 00:00:00'),
('95', 'STELLA MARIS', 'GORDILLO ', '', '27.294.119', '', 'JOAQUIN V. GONZALEZ Nº 670-/-Dep N° 16	', 'CENTRO', 'LA RIOJA', '20', '0000-00-00', '5300', '0', '03822-15 22-9330		', '0', '0000-00-00', '0000-00-00 00:00:00'),
('96', 'LUIS ALBERTO', 'GRAMAJO', '', '27.294.119', '', 'JURAMENTO Y CHUBUT-', 'CARDONAL', 'LA RIOJA', '20', '2009-07-01', '5300', '0', '3822', '0', '0000-00-00', '0000-00-00 00:00:00'),
('97', 'DAVID', 'MILLICAY', 'GUILHEBE S.R.L', '', '30-69519170-3', 'EVA DUARTE DE PERON ', 'PARQUE INDUSTRIAL', 'LA RIOJA', '20', '2009-07-01', '5300', '0', '4', '0', '0000-00-00', '0000-00-00 00:00:00'),
('98', 'ROMUALDO-SONIA', 'HEBILLA', 'HEBILLA HNOS', '', '30-62644424-1', 'MAR DEL PLATA Y NECOCHEA', 'PARQUE INDUSTRIAL', 'LA RIOJA', '20', '2009-07-01', '5300', '0', '3822', '0', '0000-00-00', '0000-00-00 00:00:00'),
('99', 'ALEXIS', 'HERRERA', '', '', '', 'CALLE LOS VIRREYES Y PROYECTADA S/N ', 'MIRADOR', 'LA RIOJA', '20', '2009-08-01', '5300', '0', '3822', '0', '0000-00-00', '0000-00-00 00:00:00'),
('100', 'MARIA EUGENIA', 'HERRERA', '', '', '30-62644424-1', 'SANTA FE Nº 125', 'CENTRO', 'LA RIOJA', '20', '2009-07-01', '5300', '0', '3822', '0', '0000-00-00', '0000-00-00 00:00:00'),
('101', 'MIGUEL OSCAR', 'HERRERA ', '', '', '', 'HUNICKEN-Nº 2091', '25 DE MAYO ', 'LA RIOJA', '20', '2009-07-01', '5300', '0', '3822', '0', '0000-00-00', '0000-00-00 00:00:00'),
('102', 'VICTOR HUGO', 'HERRERA', '', '21.899.604', '', 'JULIO CESAR CORZO S/N EXPROYECTADA 7 ', 'PARQUE INDUSTRIAL', 'LA RIOJA', '20', '2009-08-01', '5300', '0', '3822', '1', '0000-00-00', '0000-00-00 00:00:00'),
('103', 'HORACIO', 'BRIGIDO', 'HORACIO BRIGIDO SRL	', '', '30-69276190-8', 'RUTA 38 Y OTRO SERV EN 2 DE ABRIL	', 'PARQUE INDUSTRIAL', 'LA RIOJA', '20', '2009-07-01', '5300', '0', '38', '0', '0000-00-00', '0000-00-00 00:00:00'),
('245', '', '', 'INST. OTTO KRAUSE', '', '', 'SANTA FE    Nº  794', 'CENTRO', 'LA RIOJA', '20', '2009-07-01', '5300', '0', '', '0', '0000-00-00', '0000-00-00 00:00:00'),
('105', 'ENRIQUE', 'LEIVA ', '', '', '', 'Avellaneda	', 'CENTRO', 'LA RIOJA|', '20', '2009-07-01', '5300', '0', '', '0', '0000-00-00', '0000-00-00 00:00:00'),
('106', 'NICOLAS NERI	', 'LEON', '', '', '', 'CALLE PROYECTADA II - MANZANA 18 ', 'VIRGEN DEL VALLE	', 'LA RIOJA', '20', '2009-06-01', '5300', '0', '3822', '0', '0000-00-00', '0000-00-00 00:00:00'),
('107', 'MARIA NATALIA', 'LLANOS ', '', '', '', 'SANTA FE  1394 ', 'SAN ROMAN	', 'LA RIOJA', '20', '2009-06-01', '5300', '0', '4', '0', '0000-00-00', '0000-00-00 00:00:00'),
('108', 'DAAS CARLOS A.', 'LUNA ', '', '', '', 'MILAN Nº 786', 'FERRROVIARIO	', 'LA RIOJA', '20', '2009-06-01', '5300', '0', '3822', '0', '0000-00-00', '0000-00-00 00:00:00'),
('109', 'GUSTAVO DANIEL	', 'LUNA ', '', '', '', 'NARBONA-Nº 9016', 'HABITAT II	', 'LA RIOJA', '20', '2009-06-01', '5300', '0', '03822- 155-45828 //4-32327', '0', '0000-00-00', '0000-00-00 00:00:00'),
('110', 'EUGENIO', 'MAUCH ', '', '', '', 'Avda.  CASTRO- BARROS-Nº1250 se mudo a la urquiza	', 'CENTRO', 'LA RIOJA', '20', '2009-07-01', '5300', '0', '3822', '0', '0000-00-00', '0000-00-00 00:00:00'),
('111', 'ADRIANA', 'MAZA ', '', '', '', 'B. DE LA VEGA Nº  471 ', 'CENTRO', 'LA RIOJA', '20', '2009-07-01', '5300', '0', '3822', '0', '0000-00-00', '0000-00-00 00:00:00'),
('112', 'ANA EMILIA', 'MAZA', '', '', '', 'Catamarca 139 	', 'CENTRO', 'LA RIOJA', '20', '2010-01-01', '5300', '0', '', '0', '0000-00-00', '0000-00-00 00:00:00'),
('113', 'JORGE RAUL', 'MAZA ', '', '', '', 'PASAJE SAN ANTONIO', 'COCHANGASTA	', 'LA RIOJA', '20', '2009-08-01', '5300', '0', '', '0', '0000-00-00', '0000-00-00 00:00:00'),
('114', 'FEDERICO', 'MAZTKIN ', '', '', '', ' MAYAS Y CHIBCHAS	', 'FACUNDO QUIROGA', 'LA RIOJA', '20', '2009-07-01', '5300', '0', '', '0', '0000-00-00', '0000-00-00 00:00:00'),
('115', 'HUGO LEOPOLDO			', 'MERCADO ', '', '', '', 'Corrientes Nº 475-(cobranza) - 25 de mayo 373 			', 'Bº Centro Domicilio del Servicio', 'LA RIOJA', '20', '2009-07-01', '5300', '0', '4', '0', '0000-00-00', '0000-00-00 00:00:00'),
('116', 'MARIA EMILIA', 'MERCADO', '', '23.352.232', '', 'GUEMES 237 ', 'CENTRO', 'LA RIOJA', '20', '2009-08-01', '5300', '0', '3822', '1', '0000-00-00', '0000-00-00 00:00:00'),
('117', 'MOTORS S.R.L', 'MEZHER ', 'MEZHER MOTORS S.R.L', '', '30-70891739-3', 'AVDA. MONS E ANGELELLI 100	', 'PARQUE INDUSTRIAL', 'LA RIOJA', '20', '2009-07-01', '5300', '0', '3822-422787', '0', '0000-00-00', '0000-00-00 00:00:00'),
('118', '', ' Dra Griselda de la Fuente-Cdora Bazán Castellanos  ', 'MINISTERIO PUBLICO DE DEFENSA', '', '30-71050589-2', 'SAN NICOLAS DE BARI O Frente Maternidad	', 'CENTRO', 'LA RIOJA', '20', '2009-07-01', '5300', '0', '3822', '0', '0000-00-00', '0000-00-00 00:00:00'),
('119', 'ALFREDO FABIAN', 'MONTOYA', '', '', '', 'RIO TALAMPAYA S/N', 'AGUADITAS DE VARGAS', 'LA RIOJA', '20', '2009-07-01', '5300', '0', '3822', '0', '0000-00-00', '0000-00-00 00:00:00'),
('120', 'MIGUEL ANGEL	', 'MORALES ', '', '', '', 'AVDA LUIS VERNET Nº 1340	', '', 'LA RIOJA', '20', '2009-07-01', '5300', '0', '3822', '0', '0000-00-00', '0000-00-00 00:00:00'),
('121', 'PATRICIO', 'MORALES ', '', '28.546.500', '', 'CONT. AV. RIVADAVIA Y ALMIRANTE FOX', '4 DE JUNIO', 'LA RIOJA', '20', '0009-07-01', '5300', '0', '3822', '0', '0000-00-00', '0000-00-00 00:00:00'),
('122', 'DANIELA BEATRIZ', 'MORENO ', '', '28.086.711', '', 'CONTINUACION ISLA DE LOS ESTADOS S/N -', ' Bº SOLAR DEL NORTE CASA Nº 9 - FLIA ARIAS', 'LA RIOJA', '20', '2009-07-01', '5300', '0', '3822', '0', '0000-00-00', '0000-00-00 00:00:00'),
('123', 'VICTOR HUGO', 'MORENO ', '', '', '', 'FRANCISCO TACONI Nº 4	', '12 DE JUNIO-', 'LA RIOJA', '20', '2009-07-01', '5300', '0', '3822', '0', '0000-00-00', '0000-00-00 00:00:00'),
('124', 'CRISTIAN', 'HOLOTE-5 SERVICIOS 4 DE 128 KBPS Y 1 DE 256 KBPS', 'MUNICIPALIDAD CIUDAD DE LA RIOJA  -  INFORMATICA ', '', '', 'SANTA FE  Nº 900	', 'CENTRO', 'LA RIOJA', '20', '2009-06-01', '5300', '0', '', '0', '0000-00-00', '0000-00-00 00:00:00'),
('125', 'CULTURA MUNICIPAL CIUDAD DE LAS ARTES', 'CULTURA MUNICIPAL CIUDAD DE LAS ARTES', 'MUNICIPALIDAD ', '', '', 'Av. Rivadavia esq. Av. Facundo Quiroga- Edificio FFCC', 'CENTRO', 'LA RIOJA', '20', '2009-06-01', '5300', '0', '', '0', '0000-00-00', '0000-00-00 00:00:00'),
('126', 'FISCALIA MUNICIPAL', 'FISCALIA MUNICIPAL', 'MUNICIPALIDAD', '', '', 'JUJUY 150', 'CENTRO', 'LA RIOJA', '20', '2009-06-01', '5300', '0', '', '0', '0000-00-00', '0000-00-00 00:00:00'),
('127', 'PRENSA MUNICIPAL', 'PRENSA MUNICIPAL', 'MUNICIPALIDAD', '', '', 'RIVADAVIA 1117', 'CENTRO', 'LA RIOJA', '20', '2009-06-01', '5300', '0', '', '0', '0000-00-00', '0000-00-00 00:00:00'),
('128', 'SECRETARIA DESARROLLO SOCIAL', 'SECRETARIA DESARROLLO SAOCIAL', 'MUNICIPALIDAD', '', '', 'SAN NICOLAS DE BARI O. CHACHO PEÑALOZA', '', 'LA RIOJA', '20', '2009-06-01', '5300', '0', '03822-15583835', '0', '0000-00-00', '0000-00-00 00:00:00'),
('129', 'AGENCIA DE EMPLEO', 'AGNCIA DE EMPLEO', 'MUNICIPALIDAD', '', '', 'DALMACIO VELEZ (0)', 'CENTRO', 'LA RIOJA', '20', '2009-06-01', '5300', '0', '', '0', '0000-00-00', '0000-00-00 00:00:00'),
('130', 'PATRICIA DEL VALLE', 'NIETO', '', '', '', 'CALLE  CHILECITO  44 ', 'JOAQUIN V. GONZALES', 'LA RIOJA', '20', '2009-06-01', '5300', '0', '3822', '0', '0000-00-00', '0000-00-00 00:00:00'),
('131', 'MARI CECILIA', 'NORIEGA ', '', '29.012.434', '', 'SANTA ROSA 1650 DEP B ', 'VIVERO NACIONAL', 'LA RIOJA', '20', '2009-08-01', '5300', '0', '03822 15 70-5398 - 15 28-0941', '0', '0000-00-00', '0000-00-00 00:00:00'),
('132', 'DIEGO ', 'NOTTHOFF', '', '', '', 'Asunción Nº 1991 	', 'J.I. Rucci', 'LA RIOJA', '20', '2009-07-01', '5300', '0', '3822', '0', '0000-00-00', '0000-00-00 00:00:00'),
('133', 'ALFREDO', 'FERNANDEZ', 'RADIO 105,1', '', '', 'C. PELLEGRINI-Nº 245-Y FACUNDO QUIROGA 653', 'SANTA ISABEL', 'LA RIOJA', '20', '2009-05-01', '5300', '0', '3822', '0', '0000-00-00', '0000-00-00 00:00:00'),
('134', 'DANTE MARIO', 'OCAMPO', '', '', '', 'CALLE POTOSI ESQ. PICHINCHAS', '', 'LA RIOJA', '20', '2009-07-01', '5300', '0', '3822', '0', '0000-00-00', '0000-00-00 00:00:00'),
('135', 'GRACIELA  ALEJANDRA ', 'OLIVA', '', '', '', 'Pública ', 'Antártida ', 'LA RIOJA', '20', '2009-07-01', '5300', '0', '3822', '0', '0000-00-00', '0000-00-00 00:00:00'),
('136', 'CARMEN DEL VALLE', 'OLIVERA', '', '12.330.834', '', 'AV. SAN FRANCISCO KM 7 1/2 ', 'PUERTA DE LA QUEBRADA', 'LA RIOJA', '20', '2009-07-01', '5300', '0', '3822', '0', '0000-00-00', '0000-00-00 00:00:00'),
('137', 'ARIEL ALFREDO', 'OTAROLA', '', '24.939.254', '', 'CALLE TENIENTE 1º IBAÑEZ 645 ', ' Bº FERROVIARIO', 'LA RIOJA', '20', '2009-07-01', '5300', '0', '3822', '0', '0000-00-00', '0000-00-00 00:00:00'),
('138', 'ESTER', 'PACHECO ', '', '', '', 'CALLE 20 CASA  N 46	', 'INFANTERIA II ', 'LA RIOJA', '20', '2009-07-01', '5300', '0', '3822', '0', '0000-00-00', '0000-00-00 00:00:00'),
('139', 'AUGUSTO FEDERICO', 'PAEZ', '', '31.353.953', '', 'ISLAS DE LOS ESTADOS 346', 'ANTARTIDA', 'LA RIOJA', '20', '2009-07-01', '5300', '0', '3822', '0', '0000-00-00', '0000-00-00 00:00:00'),
('140', '', '', '', '', '', '', '', '', '0', '0000-00-00', '', '0', '', '0', '0000-00-00', '0000-00-00 00:00:00'),
('141', 'JUAN NICOLAS', 'PALACIOS', '', '13.341.130', '', 'PORTEZUELO- J. MELIS-Entre Cesar Carrizo y A. Moreno', '', 'LA RIOJA', '20', '2009-07-01', '5300', '0', '03822-4-26908	', '0', '0000-00-00', '0000-00-00 00:00:00'),
('142', ' LORENZA GLADIS', 'PALACIOS', '', '', '', 'AVDA. SAN FRANCISCO Nº 2416	', 'QUEBRADA', 'LA RIOJA', '20', '2009-06-01', '5300', '0', '03822-155-43574	', '0', '0000-00-00', '0000-00-00 00:00:00'),
('143', 'LUCIO ALVAREZ-NELSON LESCANO', 'LUCIO ALVAREZ-NELSON LESCANO', 'PANDA ELECTRONICA EN INFORMATICA', '', '', 'BUENOS AIRES  234', 'CENTRO', 'LA RIOJA', '20', '0000-00-00', '5300', '0', '03822 47-4222', '0', '0000-00-00', '0000-00-00 00:00:00'),
('144', 'SARA CATALINA', 'PENNESSI ', '', '', '', 'SANTIAGO DEL ESTERO Nº 234	', 'CENTRO', 'LA RIOJA', '20', '2009-07-01', '5300', '0', '03822-4-65222', '0', '0000-00-00', '0000-00-00 00:00:00'),
('145', 'SANDRA ', 'PEREZ ', '', '', '', 'ATLANTICO SUR', 'NUEVA ESPERANZA', 'LA RIOJA', '20', '2009-07-01', '5300', '0', '3822', '1', '0000-00-00', '0000-00-00 00:00:00'),
('146', 'S', 'P', '', '', '', '', '', 'LA RIOJA', '20', '2009-08-01', '5300', '0', '3822', '0', '0000-00-00', '0000-00-00 00:00:00'),
('147', 'GABRIEL MARCELO', 'PIOLI', '', '24.939.705', '', ' MANZANA 948 - CASA Nº 9 ', 'DIVINO NIÑO - CARITAS', 'LA RIOJA', '20', '0009-07-01', '5300', '0', '3822', '0', '0000-00-00', '0000-00-00 00:00:00'),
('253', 'CRISTIAN DANIEL', 'RODRIGUEZ', 'INDECO CONSULTORA', '', '', 'Pasaje san cayetano esq. Coronel lagos', '', 'LA RIOJA', '20', '0009-06-01', '5300', '0', '4', '0', '0000-00-00', '0000-00-00 00:00:00'),
('149', 'ADRIANA DEL V ', 'MOLINA', 'PODER JUDICIAL - FACTURACION', '17.037.501', '', '', '', 'LA RIOJA', '20', '2009-07-01', '5300', '0', '3822', '0', '0000-00-00', '0000-00-00 00:00:00'),
('150', 'ARCHIVO JUDICIAL', 'ARCHIVO JUDICIAL', 'PODER JUDICIAL', '', '', 'Alberdi 71 - ', 'CENTRO', 'LA RIOJA', '20', '0000-00-00', '5300', '0', '', '0', '0000-00-00', '0000-00-00 00:00:00'),
('151', 'FUNCION JUDICIAL', 'FUNCION JUDICIAL', 'PODER JUDICIAL', '', '', 'LOCAL', 'CENTRO', 'LA RIOJA', '20', '0000-00-00', '5300', '0', '', '0', '0000-00-00', '0000-00-00 00:00:00'),
('152', 'LABORATOIO JUDICIAL', '', 'PODER JUDICIAL', '', '', '', 'CENTRO', 'LA RIOJA', '20', '0000-00-00', '5300', '0', '', '0', '0000-00-00', '0000-00-00 00:00:00'),
('153', 'DIGANA DEL CARMEN', 'QUINTERO ', '', '', '', 'LAPRIDA 1033 ', 'PANGO	', 'LA RIOJA', '20', '2009-07-01', '5300', '0', '', '0', '0000-00-00', '0000-00-00 00:00:00'),
('154', 'FERNANDO SERGIO', 'QUINTEROS', '', '', '', 'MAYAS 7', 'FACUNDO QUIROGA', 'LA RIOJA', '20', '2009-06-01', '5300', '0', '03822-4-24289 15 31-3371	', '0', '0000-00-00', '0000-00-00 00:00:00'),
('155', 'RAMONA CRISTINA', 'QUINTEROS', '', '', '', 'CONT. MALVINAS ARGENTINAS', 'Cerca Llanos club', 'LA RIOJA', '20', '2009-07-01', '5300', '0', '03822-153-80704', '0', '0000-00-00', '0000-00-00 00:00:00'),
('156', 'ALBERTO FRANCO', 'QUIROGA', '', '25.304.182', '', 'HUGO PEÑA S/N ', 'AGUADITA DE VARGAS', 'LA RIOJA', '20', '2009-12-01', '5300', '0', '3822', '0', '0000-00-00', '0000-00-00 00:00:00'),
('157', 'CYNTHIA KARINA', 'REJAL,', '', '', '', 'CALLE PUBLICA CASA 48 MANZANA 949', ' DIVINO NIÑO DE CARITAS ', 'LA RIOJA', '20', '2009-05-01', '5300', '0', '3822', '0', '0000-00-00', '0000-00-00 00:00:00'),
('158', 'ADRIAN BERNARDO EDUARDO', 'RIZZONELLI', '', '31.507.305', '', 'ITUZAINGO 130 ', 'VARGAS', 'LA RIOJA', '20', '2009-07-01', '5300', '0', '3822', '0', '0000-00-00', '0000-00-00 00:00:00'),
('160', 'LUIS SALVADOR	', 'RUSSO ', '', '', '', 'LOS OLIVOS  ', 'LOS NARANJOS ', 'LA RIOJA', '20', '2009-06-01', '5300', '0', '3822', '0', '0000-00-00', '0000-00-00 00:00:00'),
('161', 'EDUARDO', 'SAINE', '', '', '', 'CARLOS PELLEGRINI 69				', '', 'LA RIOJA', '20', '0000-00-00', '5300', '0', '03822-43-7584 -15 68-4912	', '0', '0000-00-00', '0000-00-00 00:00:00'),
('162', 'LILIANA', 'RODRIGUEZ ', 'SAINT JULIEN  SA', '', '', 'MAR DEL PLATA  Y  NECOCHEA ', ' PARQUE INDUSTRIAL', 'LA RIOJA', '20', '2009-07-01', '5300', '0', '', '1', '0000-00-00', '0000-00-00 00:00:00'),
('163', 'AMALIA', 'SALAZAR ', '', '', '', 'BAZAN Y BUSTOS Nº 777', 'CENTRO', 'LA RIOJA', '20', '2009-07-01', '5300', '0', '4', '1', '0000-00-00', '0000-00-00 00:00:00'),
('164', 'ALEXANDRA ', 'SCHIRO ', '', '', '', 'SANTA FE 246', 'CENTRO', 'LA RIOJA', '20', '2009-07-01', '5300', '0', '', '1', '0000-00-00', '0000-00-00 00:00:00'),
('165', 'ADRIAN', '', 'SEC DE CULURA ATP', '', '', 'SANTIAGO DEL ESTERO N° 273', 'CENTRO', 'LA RIOJA', '20', '2009-05-01', '5300', '0', '', '1', '0000-00-00', '0000-00-00 00:00:00'),
('166', 'PABLO-ALEJANDRA', 'HERRERA', 'SECRETARIA DE AMBIENTE', '', '', 'FACUNDO QUIROGA Y D. VELEZ', 'CENTRO', 'LA RIOJA', '20', '2009-06-01', '5300', '0', '3822', '1', '0000-00-00', '0000-00-00 00:00:00'),
('167', 'MARTIN', '', 'SECRETARIA DE DERECHOS HUMANOS', '', '', ' Edificio Federacion  -SAN MARTIN  117 ', 'CENTRO', 'LA RIOJA', '20', '2009-06-01', '5300', '0', '03822-439314	', '0', '0000-00-00', '0000-00-00 00:00:00'),
('168', 'SEGURA RENE EDUARDO', '', '', '05.526.528', '', 'CALLE BASAN Y BUSTOS 260', 'CENTRO', 'LA RIOJA', '20', '2009-05-06', '5300', '0', '03822 15 219434', '0', '0000-00-00', '0000-00-00 00:00:00'),
('169', 'INGENIERO FERNANDO ', 'CANONICO', 'SES SISTEMAS ELECTRONICOS', '', '', '', '', 'CAPITAL FEDERAL', '1', '2009-06-01', '5300', '0', '', '0', '0000-00-00', '0000-00-00 00:00:00'),
('170', 'CARLOS', 'SILVERA ', '', '', '', 'CONTINUACION AV. ANGELELLI', 'CENTRO', 'LA RIOJA', '20', '2009-04-01', '5300', '0', '03822 15602559- 423365', '0', '0000-00-00', '0000-00-00 00:00:00'),
('171', 'MARIA DE LA M,', 'SORIA ', '', '', '', 'ADOLFO E. DAVILA 314', 'CENTRO', 'LA RIOJA', '20', '2009-06-01', '5300', '0', '03822-4-31282//155-54591	', '0', '0000-00-00', '0000-00-00 00:00:00'),
('172', 'MARIA DE LAS MERCEDES', 'SORIA ', '', '', '', 'GUEMES  168', 'CENTRO', 'LA RIOJA', '20', '2009-07-01', '5300', '0', '3822', '0', '0000-00-00', '0000-00-00 00:00:00'),
('173', 'HUGO ALDO', 'SOSA', '', '', '', 'RUTA Nº  38 - Km 2 1/2', 'PARQUE INDUSTRIAL', 'LA RIOJA', '20', '2009-07-01', '5300', '0', '3822', '1', '0000-00-00', '0000-00-00 00:00:00'),
('174', 'DAMIAN', '', 'SUBSECRETARIA. TRABAJO LA RIOJA', '', '', 'CONT. CALLE SAAVEDRA  S/N EDIF. EX  HOGAR ESCUELA', '', 'LA RIOJA', '20', '2009-07-01', '5300', '0', '03822-1552-3875', '0', '0000-00-00', '0000-00-00 00:00:00'),
('175', 'WALTER RAMON', 'TANQUIA ', '', '20.253.217', '', 'AVDA, 1º MARZO S/N - CASA 9499', 'ESTACION', 'LA RIOJA', '20', '2009-06-08', '5300', '0', '03822-4-53774/43780-', '0', '0000-00-00', '0000-00-00 00:00:00'),
('176', 'HUGO FABIAN', 'TAPIA', '', '', '', 'AVDA SAN FRANCISCO Km 6 1/2', 'QUEBRADA', 'LA RIOJA', '20', '2009-04-01', '5300', '0', '03822-155-22572', '0', '0000-00-00', '0000-00-00 00:00:00'),
('177', 'ANABEL RUTH', 'TAPIA', '', '', '', 'AV. SAN NICOLAS DE BARI E.452	', '', 'LA RIOJA', '20', '2009-07-01', '', '0', '03822 15 37-31888', '0', '0000-00-00', '0000-00-00 00:00:00'),
('178', 'HUGO CESAR', 'TELLO ', '', '', '', 'Bº FED.16-FVS MZNA 702 - CASA \"5\" - SEC. \"1\"', '', 'LA RIOJA', '20', '2009-07-01', '5300', '0', '03822-15585352', '0', '0000-00-00', '0000-00-00 00:00:00'),
('179', 'JOSE LUIS', 'TELLO ', '', '21.866.491', '', 'MANZANA 948 CASA 21', ' B° DIVINO NIÑO', 'LA RIOJA', '20', '2009-06-01', '5300', '0', '03822 15 391268', '0', '0000-00-00', '0000-00-00 00:00:00'),
('180', 'ANTONIO ( INTI.) ', 'TOLEDO ', 'INSTITUTO DR. TOLEDO', '', '', '195 - PISO 2º - DPTO \" B \" CALLE BUENOS AIRES', 'CENTRO', 'LA RIOJA', '20', '2009-06-01', '5300', '0', '03822-1559-6796', '0', '0000-00-00', '0000-00-00 00:00:00'),
('181', 'MAXIMILIANO', 'TOLEDO ', '', '', '', ' LUIS DE HOYOS', 'MUNICIPAL - ', 'LA RIOJA', '20', '2009-07-01', '5300', '0', '03822-4-50661', '0', '0000-00-00', '0000-00-00 00:00:00'),
('182', 'DARIO ROBERTO', 'TORRES ', '', '30.569.605', '', '11 DE AGOSTO Nº  603 -', 'J. I. RUCCI', 'LA RIOJA', '20', '0009-07-01', '5300', '0', '', '0', '0000-00-00', '0000-00-00 00:00:00'),
('183', 'SANTIAGO FERNANDO', 'OLIVA', '', '18.059.188', '', 'AV. LEANDRO N. ALEM ESQ. BORUGAS', 'VARGAS', 'LA RIOJA', '20', '2009-08-01', '5300', '0', '3822', '1', '0000-00-00', '0000-00-00 00:00:00'),
('184', 'JULIA', 'TORRES ', '', '30.569.605', '', 'FRANCISCO NARBONA Nº 967', 'HABITAT- ', 'LA RIOJA', '20', '2009-08-01', '5300', '0', '3822', '0', '0000-00-00', '0000-00-00 00:00:00'),
('185', 'JOSE RAUL', 'TORRES', '', '', '', 'CALLE RIO GRANDE 417 -PUERTA 81 -', 'JARDINRESIDENCIA', 'LA RIOJA', '20', '2009-06-01', '5300', '0', '03822 15 29-7292	', '0', '0000-00-00', '0000-00-00 00:00:00'),
('186', 'INES', 'TRONCOSO', '', '27.807.904', '', 'CALLE PUBLICA S/N ', 'SANTA ROSA	', 'LA RIOJA', '20', '2009-08-01', '5300', '0', '3822', '1', '0000-00-00', '0000-00-00 00:00:00'),
('187', 'LUCAS RAMON', 'UNCOVICH', '', '24.939.155', '', 'MISIONES 523', 'SAN MARTIN', 'LA RIOJA', '20', '2009-06-01', '5300', '0', '03822 15 64-3000	', '0', '0000-00-00', '0000-00-00 00:00:00'),
('188', 'PABLO JAVIER', 'VARGAS', '', '', '', 'CONT. BASE MARGARITA S/N	', '8 de DICIEMBRE', 'LA RIOJA', '20', '2009-07-01', '5300', '0', '03822-155-29659-	', '0', '0000-00-00', '0000-00-00 00:00:00'),
('189', 'CESAR TOMAS', 'VEGA ', '', '', '', 'AVELLANEDA 344 -', 'CENTRO', 'LA RIOJA', '20', '2009-06-01', '5300', '0', '03822-155-92287	', '0', '0000-00-00', '0000-00-00 00:00:00'),
('190', 'JUAN RAMON', 'VEGA ', '', '18.247.537', '', 'SHETLAND N° 2017 ', 'ANTARTIDA I', 'LA RIOJA', '20', '2009-07-01', '5300', '0', '03822 15 53-8810	', '1', '0000-00-00', '0000-00-00 00:00:00'),
('191', 'NESTOR RAMON', 'VEGA ', '', '', '', ' 8 DE DICIEMBRE N° 760 ', 'CENTRO', 'LA RIOJA', '20', '2009-06-01', '5300', '0', '03822-155-15425	', '0', '0000-00-00', '0000-00-00 00:00:00'),
('192', 'SILVIA NORA', 'VEGA', '', '', '', 'RAMON AVILA Y BUEN PASTOR- Sta. EUFRACIA	', '', 'LA RIOJA', '20', '2009-08-01', '5300', '0', '3822', '0', '0000-00-00', '0000-00-00 00:00:00'),
('193', 'MARIA SILVIA', 'VEGA', '', '10.448.061', '', 'CALLE 8 DE DICIEMBRE 315 -', 'CENTRO', 'LA RIOJA', '20', '2009-07-01', '5300', '0', '03822 15 69-4361	', '0', '0000-00-00', '0000-00-00 00:00:00'),
('194', 'ISABEL DEL CARMEN 	', 'VERA ', '', '', '', ' PELLEGRINI EVITA 	', '', 'LA RIOJA', '20', '2009-07-01', '5300', '0', '3822', '0', '0000-00-00', '0000-00-00 00:00:00'),
('195', 'HORACIO NICOLAS', 'VERA', '', '', '', 'CALLE INDEPENDENCIA 449 				', 'FERROVIARIO', 'LA RIOJA', '20', '2009-07-01', '5300', '0', '03822 15 59-3473', '0', '0000-00-00', '0000-00-00 00:00:00'),
('196', 'DANIEL ANGEL', 'VERGARA ', '', '', '', 'JUAN B. ALBERDI Nº 523	', 'CENTRO', 'LA RIOJA', '20', '2009-07-01', '5300', '0', '038224-26562/155-30814	', '0', '0000-00-00', '0000-00-00 00:00:00'),
('197', 'MONICA ESTELA', 'VIDELA', '', '', '', 'CARACAS 3765', 'PANAMERICANO', 'LA RIOJA', '20', '2009-07-01', '5300', '0', '3822', '0', '0000-00-00', '0000-00-00 00:00:00'),
('198', 'JORGE', 'VILLAFAÑE', '', '', '', 'LAS CARRETAS ', '', 'LA RIOJA', '20', '2009-06-01', '5300', '0', '03822 153-54890-Norma	', '0', '0000-00-00', '0000-00-00 00:00:00'),
('199', 'VICTOR HUGO', 'ZAMBON', '', '', '', 'CONT. NICOLAS CORDOBA Nº 862', 'CIRCULO POLICIAL	', 'LA RIOJA', '20', '2009-08-01', '5300', '0', '3822', '0', '0000-00-00', '0000-00-00 00:00:00'),
('200', 'GLADYS LILIANA', 'NIEVA BECHAM', '', '13.845.461', '', 'ORURO MEDIDOR 9002', '', 'LA RIOJA', '20', '2009-08-01', '5300', '0', '3822', '1', '0000-00-00', '0000-00-00 00:00:00'),
('201', ' VIRGINIA LIDIA', 'SIMES', '', '14.273.490', '', 'ISLAS SHETLAND Nº 27', 'ANTARTIDA NORTE', 'LA  RIOJA', '20', '2009-07-01', '5300', '0', '3822', '0', '0000-00-00', '0000-00-00 00:00:00'),
('204', 'LAURA CRISTINA', 'GIMENEZ', '', '30.501.131', '', 'AVDA FACUNDO QUIROGA N| 351', 'CENTRO', 'LA RIOJA', '20', '2009-07-01', '5300', '0', '3822', '0', '0000-00-00', '0000-00-00 00:00:00'),
('205', 'VICTOR ALBERTO', 'PIZARRO', '', '21.355.941', '', 'CALLE PASCO S/N', 'COCHANGASTA', 'LA RIOJA', '20', '2009-06-19', '5300', '0', '3822-15 518821-15 409432', '0', '0000-00-00', '0000-00-00 00:00:00'),
('206', 'DIEGO SANTO', 'GODOY', '', '26.336.438', '', 'CALLE RIO MAYUYANA', 'AGUADITA DE VARGAS', 'LA RIOJA', '20', '2009-06-19', '5300', '0', '03822-15368856//200822', '0', '0000-00-00', '0000-00-00 00:00:00'),
('210', 'MANUEL NICOLAS', 'QUINTERO', '', '', '', 'JOAQUIN V. GONZALES 590 MONOBLOK B 2° 19', 'CENTRO', 'LA RIOJA', '20', '2009-06-23', '5300', '0', '', '0', '0000-00-00', '0000-00-00 00:00:00'),
('211', 'ANGEL VIVENTE', 'GORDILLO', '', '', '', 'PROYECTADA 3 CASA 21', 'JUAN DOMINGO PERON', 'LA RIOJA', '20', '2009-06-01', '5300', '0', '', '0', '0000-00-00', '0000-00-00 00:00:00'),
('212', 'MARICEL DEL CARMEN', 'ROMERO', '', '', '', 'MENDOZA S/N', 'SAN MARTIN', 'LA RIOJA', '20', '2009-07-01', '53000', '0', '', '0', '0000-00-00', '0000-00-00 00:00:00'),
('214', 'MARIA CECILIA', 'GALLARDO', '', '', '', 'REGIS MARTINEZ 6599', 'MERCANTIL', 'LA RIOJA', '20', '2009-07-01', '5300', '0', '3822', '0', '0000-00-00', '0000-00-00 00:00:00'),
('215', 'RENE EDUARDO', 'SEGURA', '', '', '', 'CALLE BAZAN Y BUSTOS 260', 'CENTRO', 'LA RIOJA', '20', '2009-07-01', '5300', '0', '3822-15 219434  ', '1', '0000-00-00', '0000-00-00 00:00:00'),
('217', 'DARIO ALEJANDRO', 'LUCERO', '', '', '', 'CALLE VALENCIA 365', 'SAN VICENTE', 'LA RIOJA', '20', '2009-06-27', '5300', '0', '3822', '0', '0000-00-00', '0000-00-00 00:00:00'),
('247', 'RAMON DOMINGO', 'LUNA', '', '17.145.278', '', 'CONTINUACION TUCUMAN', 'JERUSALEN', 'LA RIOJA', '20', '2009-06-11', '5300', '0', '03822 15 6511956 -   03822 15380551', '0', '0000-00-00', '0000-00-00 00:00:00'),
('220', 'LUIS ALEJANDRO', 'NOTARIO', 'VIVIANA (ESPOSA)', '18.136.538', '', 'CALLE ATLANTICO SUD S/N', 'NUEVA ESPERANZA', 'LA RIOJA', '20', '2009-06-30', '5300', '0', '03822 46-5931-15 28-3816', '0', '0000-00-00', '0000-00-00 00:00:00'),
('241', 'MIRIAM INES', 'POSSE BLANCO', '', '16.962.853', '', 'CATAMARCA 472', 'CENTRO', 'LA RIOJA', '20', '2009-07-03', '5300', '0', '11', '0', '0000-00-00', '0000-00-00 00:00:00'),
('223', 'JOSE MANUEL', 'FERNANDEZ', '', '21.030.065', '', 'CIUDAD DE RAWSON 2336', 'ARGENTINO', 'LA RIOJA', '20', '2009-06-30', '5300', '0', '15226726', '0', '0000-00-00', '0000-00-00 00:00:00'),
('230', 'JESSICA CAROLINA', 'BORDON', '', '29.961.520', '', 'SAN ISIDRO 738', 'TIRO FEDERAL', 'LA RIOJA', '20', '2009-06-16', '5300', '0', '03822 15499129', '0', '0000-00-00', '0000-00-00 00:00:00'),
('225', '', '', '', '', '', '', '', '', '20', '0000-00-00', '', '0', '', '0', '0000-00-00', '0000-00-00 00:00:00'),
('226', 'CRISTIAN FABIO', 'CABRERA', '', '23.016.238', '', 'PROYECTADA S/N', 'MIRADOR', 'LA RIOJA', '20', '2009-07-01', '5300', '0', '3822', '0', '0000-00-00', '0000-00-00 00:00:00'),
('240', 'ROBERTO CARLOS', 'GALLO', '', '30.501.131', '', 'NUEVA TERMINAL DE OMNIBUS LOCAL 4 -5 - 6', '', 'LA RIOJA', '20', '2009-07-01', '5300', '0', '3822', '0', '0000-00-00', '0000-00-00 00:00:00'),
('231', 'BLANCA AZUCENA', 'CABRERA', '', '', '20-755653', 'AVDA. RIVADAVIA ESQ. CADIZ ', 'SAN VICENTE', 'LA RIOJA', '20', '2009-06-08', '5300', '0', '03822 15 69-9736	', '0', '0000-00-00', '0000-00-00 00:00:00'),
('237', 'JUAN', 'LEON', 'ESCUELA PIO XII', '', '', 'CENTRO', 'CENTRO', 'LA RIOJA', '20', '0000-00-00', '5300', '0', '', '0', '0000-00-00', '0000-00-00 00:00:00'),
('238', 'JUAN', 'LEON', 'ESCUELA PIO XII', '', '', 'CENTRO', 'CENTRO', 'LA RIOJA', '20', '0000-00-00', '5300', '0', '', '0', '0000-00-00', '0000-00-00 00:00:00'),
('239', 'LIDIA VIVIANA', 'ROMERO', '', '26.', '', 'CALLE PUBLICA S/N', 'CENTRO COMERCIAL', 'LA RIOJA', '20', '2009-07-02', '5300', '0', '3822', '0', '0000-00-00', '0000-00-00 00:00:00'),
('248', 'NATALIA ANALIA', 'MONTIVERO', '', '29.281.817', '', 'AV. MALVINAS ARGENTINAS Nº 906 ', 'MARIA AUGUSTA', 'LA RIOJA', '20', '0009-06-16', '5300', '0', '3822', '0', '0000-00-00', '0000-00-00 00:00:00'),
('252', 'CLORINDA', 'RUBIO RODRIGUEZ', '', '94.142.162', '', 'MANZANA 2 LOTE I', 'LOTEO SAN NICOLAS', 'LA RIOJA', '20', '2009-07-04', '5300', '0', '3822', '0', '0000-00-00', '0000-00-00 00:00:00'),
('255', 'maricel', 'almada', '', '', '', 'cabo 1 rodriguez', '', '', '20', '2009-05-01', '5300', '0', '', '1', '0000-00-00', '0000-00-00 00:00:00'),
('256', 'CELESTE ANAHI', 'ROMERO', '', '', '', 'CHILECITO 104 ', 'JOAQUIN V. GONZALEZ', 'LA RIOJA', '20', '2009-06-01', '5300', '0', '3822', '1', '0000-00-00', '0000-00-00 00:00:00'),
('258', 'MARIELA ELIZABETH', 'ORTIZ', '', '', '', 'CLLE ORURO Y LAS CARRETAS', 'LIBERTADOR', 'LA RIOJA', '20', '2009-07-01', '5300', '0', '03822-15684471', '0', '0000-00-00', '0000-00-00 00:00:00'),
('259', 'JUAN LUIS', 'CASTELLANOS', '', '12.613.267', '', 'CIUDAD DE VIEDMA 2055', 'ARGENTINO', 'LA RIOJA', '20', '2009-07-06', '5300', '0', '03822 15 39-7775 - 15 22-9719', '0', '0000-00-00', '0000-00-00 00:00:00'),
('260', 'RICARDO ROGER', 'ROMERO', '', '27.450.397', '', 'PASAJE 321 - CASA 536', 'ISLAS MALVINAS', 'LA RIOJA', '20', '2009-07-06', '5300', '0', '03822 15 22-0227 15 61-3005', '0', '0000-00-00', '0000-00-00 00:00:00'),
('276', 'CESAR RAMON', 'JOFRE', '', '22.714.456', '', 'CALLE CABO PEREZ 2024', 'ALTA RIOJA', 'LA RIOJA', '20', '2009-07-08', '5300', '0', '03822 15 59-7014 - 15 22-7386', '0', '0000-00-00', '0000-00-00 00:00:00'),
('262', 'Esto es una prueba', 'prueba', '', '', '', '', '', '', '20', '2009-11-04', '', '0', '', '0', '0000-00-00', '0000-00-00 00:00:00'),
('264', '1252', '3', '', '', '', '', '', '', '20', '2009-06-01', '', '0', '', '0', '0000-00-00', '0000-00-00 00:00:00'),
('265', 'GUILLERMO RICARDO NICOLAS', 'AVILA', '', '20.308.240', '', 'PAMPLONA 1560', 'SAN VICENTE', 'LA RIOJA', '20', '2009-07-07', '5300', '0', '03822 15 50-1209  42-6441', '0', '0000-00-00', '0000-00-00 00:00:00'),
('266', 'BLANCA AZUCENA', 'DIAZ', '', '10.448.538', '', 'RAMIREZ DE VELAZCO KM 6 1/2', 'PUERTA DE LA QUEBRADA', 'LA RIOJA', '20', '2009-07-07', '5300', '0', '03822 15 46-7450 - 15 69-4023', '0', '0000-00-00', '0000-00-00 00:00:00'),
('267', 'NESTOR GUSTAVO', 'VERGARA ASIS', '', '22.443.707', '', 'CALLE CURUZU CUATIA S/N', 'COCHANGASTA', 'LA RIOJA', '20', '2009-07-07', '5300', '0', '03822-15', '0', '0000-00-00', '0000-00-00 00:00:00'),
('268', 'angela ', 'gomez', '', '', '', '', '', '', '20', '2009-07-07', '5300', '0', '', '0', '0000-00-00', '0000-00-00 00:00:00'),
('269', 'Carlos Froilan ', 'Maza', '', '10.781.411', '', 'BENJAMIN DE LA VEGA 33', '', 'LA RIOJA', '20', '2009-07-07', '5300', '0', '03822 15 66-0163', '0', '0000-00-00', '0000-00-00 00:00:00'),
('270', 'JULIAN EDUARDO', 'VIDELA', '', '33.760.329', '', 'PJE. SAN NICOLAS  CASA 25 ', 'NUEVA RIOJA', 'LA RIOJA', '20', '2009-07-07', '5300', '0', '03822 15 28-8717-15 41-8376', '0', '0000-00-00', '0000-00-00 00:00:00'),
('271', 'MARGARITA ELENA', 'FARACH', '', '10.448.538', '', 'JUAN BAUTISTA ALBERDI  46', 'CENTRO', 'LA RIOJA', '20', '2009-07-07', '5300', '0', '03822 15 30-7266', '0', '0000-00-00', '0000-00-00 00:00:00'),
('272', 'SANDRA MARCELA', 'REYES ', '', '20.613.599', '', 'CALLE JURAMENTO  31', 'SAN CLEMENTE', 'LA RIOJA', '20', '2009-07-08', '5300', '0', '03822 15 56-1668 - 15 61-3005', '0', '0000-00-00', '0000-00-00 00:00:00'),
('273', 'SOUZA ROSSANDRO', 'TRINDADE ', '', '00.230.461', '', 'AVDA. FRANCISCO NARBONA Nº 39 ', 'HABITAT', 'LA RIOJA', '20', '2009-08-01', '5300', '0', '3822', '1', '0000-00-00', '0000-00-00 00:00:00'),
('274', 'GUSTAVO SEBASTIAN', 'TRONCOSO', '', '29.942.336', '', 'CALLE PELLEGRINI 163 ', 'LAS AGAVES', 'LA RIOJA', '20', '2009-08-01', '5300', '0', '3822', '1', '0000-00-00', '0000-00-00 00:00:00'),
('277', 'HUGO GABRIEL', 'YUDICA', '', '28.582.849', '', 'AVDA. RAMIREZ DE VELAZCO 607', 'TIRO FEDERAL', 'LA RIOJA', '20', '2009-07-09', '5300', '0', '03822 15 53-4567  03822 15 41-6716', '0', '0000-00-00', '0000-00-00 00:00:00'),
('278', 'MONICA SUSANA', 'CORTEZ', '', '18.513.638', '', 'CERRO OTTO Nº 74', 'CIRCULO POLICIAL', 'LA RIOJA', '20', '2009-07-09', '5300', '0', '03822 15 30-1430 - 03822 43-0244', '0', '0000-00-00', '0000-00-00 00:00:00'),
('279', 'PATRICIA VERONICA', 'PETRICH', 'AGENCIA CLARO TELEFONIA CELULAR', '30.621.705', '', 'RIVADAVIA 660', 'CENTRO', 'LA RIOJA', '20', '2009-07-10', '5300', '0', '03822 15 61-3199 15 20-2278', '1', '0000-00-00', '0000-00-00 00:00:00'),
('293', 'MARIA DEL CARMEN ', 'LEO', '', '13.151.278', '', 'AVDA. ALEM 355', 'VARGAS', 'LA RIOJA', '20', '2009-07-17', '5300', '0', '03822 46-7578 - 15 41-6582', '0', '0000-00-00', '0000-00-00 00:00:00'),
('280', 'DEOLINDA SOLEDAD', 'TOBARES', '', '26.171.394', '', '8 DE DICIEMBRE 183', 'CENTRO', 'LA RIOJA', '20', '2009-07-11', '5300', '0', '03822 15 40-6573', '0', '0000-00-00', '0000-00-00 00:00:00'),
('281', 'HUGO NICOLAS', 'LUJAN', '', '26.054.882', '', 'CARDENALES Y VIRREYNA', 'MIRADOR II - (SUR)', 'LA RIOJA', '20', '2009-07-13', '5300', '0', '03822 15 54-6118 - 15 35-1588', '0', '0000-00-00', '0000-00-00 00:00:00'),
('282', 'JOSE NICOLAS', 'PIZARRO', '', '17.245.802', '', 'FRANCISCO ZELADA 525 ESQ. RIO GRANDE', 'JARDIN RESIDENCIAL', 'LA RIOJA', '20', '2009-07-13', '5300', '0', '03822 15 67-1652 - 47-4817', '0', '0000-00-00', '0000-00-00 00:00:00'),
('283', 'JORGE ANTONIO', 'LEIVA', '', '22.714.378', '', 'SAN JUAN 532', 'SAN MARTIN', 'LA RIOJA', '20', '2009-07-13', '5300', '0', '03822  15 52-8786 - 15 62-3634 PAULA', '0', '0000-00-00', '0000-00-00 00:00:00'),
('284', 'TRANSITO NICOLASA', 'DIAZ,', '', '', '', 'ECHEBERRIA 532 ', 'ISLAS MALVINAS', 'LA RIOJA', '20', '2009-07-01', '5300', '0', '03822 15 617309//03822 42-6899	', '1', '0000-00-00', '0000-00-00 00:00:00'),
('285', 'MARIA EMILIA', 'SOTO', '', '31.128.714', '', 'PROYECTADA CL N° 9080', 'NUEVA ESPERANZA', 'LA RIOJA', '20', '2009-07-14', '5300', '0', '03822-15416818-15203390', '0', '0000-00-00', '0000-00-00 00:00:00'),
('286', 'JAVIER NICOLAS', 'MERCADO', '', '17.891.125', '', 'RIVADAVIA ESQ. CABO 1º RODRIGUEZ Nº 16', 'SAN VICENTE', 'LA RIOJA', '20', '2009-07-14', '5300', '0', '03822 15 59-5360 /15 51-9256', '0', '0000-00-00', '0000-00-00 00:00:00'),
('287', 'ETHEL CARINA', 'DIAZ', '', '24.425.347', '', 'CALLE ITALIA 128', 'FERROVIARIO', 'LA RIOJA', '20', '2009-07-14', '5300', '0', '03822-15440224-433634', '0', '0000-00-00', '0000-00-00 00:00:00'),
('288', 'SAMUEL', 'DANON', '', '16.868.676', '', 'SAN NICOLAS DE BARI 218 - 8º PISO - DPTO ', 'CENTRO', 'LA RIOJA', '20', '2009-07-15', '5300', '0', '03822 15 66-2131 / 42-6271', '0', '0000-00-00', '0000-00-00 00:00:00'),
('289', 'CARLOS', 'CURA', 'RADAR CIA CONSTRUCTORA', '20.613.378', '30-67193013-0', 'EX RUTA 38 Y ACCESO LA CAÑADA', '13 DE ENERO', 'LA RIOJA', '20', '2009-07-16', '5300', '0', '03822 46-7732 - 15 64-4567', '0', '0000-00-00', '0000-00-00 00:00:00'),
('290', 'DANIELA DEL VALLE', 'NEGRETTE', '', '28.117.630', '', 'COTAGAITA 1300', 'COCHANGASTA', 'LA RIOJA', '20', '2009-07-16', '5300', '0', '03822 15 59-2951 - 15 59-2952', '0', '0000-00-00', '0000-00-00 00:00:00'),
('291', 'DEOLINDA DEL VALLE', 'GODOY', '', '25.225.633', '', 'PASO DE LOS PATOS 90', 'LA QUEBRADA', 'LA RIOJA', '20', '2009-07-17', '5300', '0', '03822 42-8533 - 15 41-6780', '0', '0000-00-00', '0000-00-00 00:00:00'),
('292', 'ROSANA DEOLINDA', 'FALCON', '', '23.304.770', '', 'VICTORIA ROMERO Nº 536', 'ISLAS MALVINAS', 'LA RIOJA', '20', '2009-07-17', '5300', '0', '03822 15 41-9441 - 15 60-7548', '0', '0000-00-00', '0000-00-00 00:00:00'),
('294', 'CINTIA LORENA', 'ALFONSO', '', '10.448.538', '', 'CALLE PUBLICA 46 - CASA 83', 'MARIA AUGUSTA', 'LA RIOJA', '20', '2009-07-10', '5300', '0', '03822 15 59-1242- 15 53-0738', '0', '0000-00-00', '0000-00-00 00:00:00'),
('295', 'NATALIA ANAHI', 'VILLAFAÑE', '', '31.648.465', '', '9 DE JULIO 405', 'CENTRO', 'LA RIOJA', '20', '2009-06-30', '5300', '0', '03822 46-7536	03822 46-7536 - 03822 15 20-8457	', '0', '0000-00-00', '0000-00-00 00:00:00'),
('296', 'NICOLAS REYES', 'AGUIRRE', '', '28.442.194', '', 'PROYECTADA 5 -  Nº 9001', 'JUAN DOMINGO PERON', 'LA RIOJA', '20', '2009-07-21', '5300', '0', '03822 15 52-1831 - 15 33 -0240', '0', '0000-00-00', '0000-00-00 00:00:00'),
('297', 'HUGO', 'AVILA', '', '', '', ' RAMIREZ DE VELAZCO   (FRENTE A  COCHABAMBA )                 ', 'QUEBRADA', 'LA RIOJA', '20', '0000-00-00', '5300', '0', '03822-451635//1568949', '0', '0000-00-00', '0000-00-00 00:00:00'),
('298', 'ANA DANIELA', 'PAEZ', '', '27.450.712', '', 'UNIDAD NACIONAL ESQ. CAPDEVILA Nº 4', 'RICARDO I', 'LA RIOJA', '20', '2009-07-22', '5300', '0', '03822 15 35-3525 - 15 58-0070', '0', '0000-00-00', '0000-00-00 00:00:00'),
('299', 'Prueba 1', 'sasas', '', '30.569.624', '12-11212112-1', '', '', '', '20', '2009-08-12', '5300', '0', '', '0', '0000-00-00', '0000-00-00 00:00:00'),
('300', 'Esto', 'Esto', '', '30.569.624', '', '', '', '', '20', '2009-08-12', '5300', '0', '', '0', '0000-00-00', '0000-00-00 00:00:00'),
('301', 'Vamos ', 'Vq', '', '30.569.624', '', '', '', '', '20', '2009-08-12', '', '0', '', '0', '0000-00-00', '0000-00-00 00:00:00'),
('302', '122', '225225', '2252', '32.225.5', '55-22', '', '', '', '20', '2009-08-06', '', '0', '20522', '0', '0000-00-00', '0000-00-00 00:00:00'),
('303', 'pepe', '', '', '30.569.624', '', '', 'Santa Justina', '', '20', '2009-08-31', '5300', '0', '', '0', '0000-00-00', '0000-00-00 00:00:00'),
('304', 'pepe', '', '', '', '', '', '', '', '20', '2009-09-02', '5300', '0', '', '0', '0000-00-00', '2009-09-05 10:15:37'),
('305', '25', '2525', '', '25.', '', '', '', '', '20', '2009-09-01', '', '0', '', '0', '0000-00-00', '2009-09-07 19:31:03'),
('306', '252525', '', '', '22.005.2', '', '', '', '', '20', '2009-09-01', '2050', '0', '', '0', '0000-00-00', '2009-09-07 20:08:45');


-- Informacion de creacion de la tabla cuenta

CREATE TABLE `cuenta` (
  `id_cliente` int(11) NOT NULL,
  `finaciacion` varchar(150) DEFAULT NULL,
  `costoInstlacion` float DEFAULT '0',
  `abonomensual` float DEFAULT NULL,
  `id_servicio` int(11) NOT NULL DEFAULT '0',
  `pagoc` int(2) NOT NULL,
  PRIMARY KEY (`id_cliente`)
) ENGINE=MyISAM DEFAULT CHARSET=latin1;

-- Volcado de registros en la tabla cuenta

INSERT INTO cuenta (id_cliente, finaciacion, costoInstlacion, abonomensual, id_servicio, pagoc) VALUES
('1', '', '0', '0', '0', '0'),
('2', '0', '0', '84', '6', '0'),
('3', '4', '0', '156', '5', '0'),
('5', '0', '0', '116', '1', '0'),
('6', '0', '0', '147', '1', '0'),
('7', '0', '0', '116', '1', '0'),
('8', '', '0', '0', '0', '0'),
('9', '0', '0', '116', '1', '0'),
('10', '0', '0', '116', '1', '0'),
('11', '0', '0', '116', '1', '0'),
('12', '0', '0', '116', '1', '0'),
('13', '0', '0', '116', '1', '0'),
('14', '0', '0', '116', '0', '0'),
('15', '0', '0', '84', '6', '0'),
('16', '0', '0', '84', '6', '0'),
('17', '0', '0', '116', '1', '0'),
('18', '0', '0', '116', '1', '0'),
('19', '0', '0', '116', '1', '0'),
('20', '0', '0', '116', '1', '0'),
('21', '0', '0', '116', '1', '0'),
('22', '0', '0', '160', '0', '0'),
('23', '0', '0', '147', '1', '0'),
('24', '0', '0', '84', '6', '0'),
('25', '0', '0', '116', '0', '0'),
('26', '0', '0', '116', '1', '0'),
('27', '', '0', '0', '0', '0'),
('28', '0', '0', '84', '6', '0'),
('29', '0', '0', '116', '1', '0'),
('30', '1', '60', '116', '1', '0'),
('31', '0', '0', '116', '1', '0'),
('32', '0', '0', '116', '1', '0'),
('33', '0', '0', '147', '1', '0'),
('275', '4', '240', '116', '1', '0'),
('35', '0', '0', '495.87', '4', '0'),
('36', '0', '0', '600', '7', '0'),
('37', '4', '240', '600', '7', '0'),
('38', '0', '0', '600', '7', '0'),
('39', '2', '240', '160', '3', '0'),
('40', '0', '0', '116', '1', '0'),
('229', '0', '0', '147', '1', '0'),
('41', '1', '60', '116', '1', '0'),
('42', '0', '0', '116', '1', '0'),
('43', '2', '120', '116', '1', '0'),
('44', '0', '0', '116', '1', '0'),
('45', '1', '60', '116', '1', '0'),
('46', '0', '0', '116', '1', '0'),
('47', '0', '0', '116', '1', '0'),
('48', '2', '120', '116', '1', '0'),
('49', '0', '0', '116', '1', '0'),
('50', '0', '0', '116', '1', '0'),
('246', '0', '0', '116', '1', '0'),
('51', '2', '120', '116', '1', '0'),
('52', '0', '0', '116', '1', '0'),
('53', '0', '0', '160', '3', '0'),
('54', '2', '120', '116', '1', '0'),
('55', '0', '0', '84', '6', '0'),
('56', '0', '0', '116', '1', '0'),
('57', '5', '500', '116', '1', '0'),
('58', '2', '120', '116', '1', '0'),
('59', '0', '0', '116', '1', '0'),
('60', '0', '0', '116', '1', '0'),
('61', '0', '0', '147', '1', '0'),
('62', '3', '180', '116', '1', '0'),
('63', '0', '0', '147', '1', '0'),
('64', '0', '0', '147', '1', '0'),
('65', '0', '0', '116', '1', '0'),
('66', '4', '240', '116', '1', '0'),
('67', '0', '0', '116', '1', '0'),
('68', '4', '240', '116', '1', '0'),
('69', '0', '0', '116', '1', '0'),
('70', '3', '180', '116', '1', '0'),
('71', '0', '0', '350', '5', '0'),
('72', '0', '0', '116', '1', '0'),
('73', '0', '0', '116', '1', '0'),
('74', '0', '0', '147', '1', '0'),
('75', '0', '0', '147', '1', '0'),
('76', '0', '0', '116', '1', '0'),
('77', '0', '0', '84', '6', '0'),
('78', '1', '60', '116', '1', '0'),
('79', '0', '0', '116', '1', '0'),
('80', '0', '0', '600', '5', '0'),
('81', '0', '0', '116', '1', '0'),
('82', '0', '0', '116', '1', '0'),
('83', '0', '0', '0', '0', '0'),
('84', '0', '0', '116', '1', '0'),
('85', '0', '0', '105', '6', '0'),
('86', '', '0', '116', '1', '0'),
('87', '0', '0', '160', '3', '0'),
('88', '3', '180', '116', '1', '0'),
('89', '0', '0', '116', '1', '0'),
('90', '0', '0', '147', '1', '0'),
('91', '0', '0', '116', '1', '0'),
('92', '', '240', '147', '1', '0'),
('93', '0', '0', '116', '1', '0'),
('94', '0', '0', '84', '6', '0'),
('95', '', '240', '0', '0', '0'),
('96', '0', '0', '116', '1', '0'),
('97', '0', '0', '203', '3', '0'),
('98', '0', '0', '330', '2', '0'),
('99', '0', '0', '116', '1', '0'),
('100', '0', '0', '84', '6', '0'),
('101', '0', '0', '116', '1', '0'),
('102', '2', '120', '116', '1', '0'),
('103', '0', '0', '294.64', '2', '0'),
('104', '0', '0', '260', '2', '0'),
('105', '0', '0', '116', '1', '0'),
('106', '3', '300', '116', '1', '0'),
('107', '0', '0', '116', '1', '0'),
('108', '1', '390', '116', '1', '0'),
('109', '0', '0', '160', '3', '0'),
('110', '0', '0', '84', '6', '0'),
('111', '0', '0', '116', '1', '0'),
('112', '0', '0', '116', '1', '0'),
('113', '0', '0', '116', '1', '0'),
('114', '0', '0', '116', '1', '0'),
('115', '0', '0', '116', '1', '0'),
('116', '0', '0', '116', '1', '0'),
('117', '0', '0', '147', '1', '0'),
('118', '0', '0', '192', '3', '0'),
('119', '0', '0', '116', '1', '0'),
('120', '0', '0', '84', '6', '0'),
('121', '0', '0', '84', '6', '0'),
('122', '2', '120', '116', '1', '0'),
('123', '0', '0', '84', '6', '0'),
('124', '0', '0', '851', '5', '0'),
('125', '0', '0', '0', '5', '0'),
('126', '0', '0', '0', '3', '0'),
('127', '0', '0', '0', '1', '0'),
('128', '0', '0', '0', '1', '0'),
('129', '0', '0', '0', '1', '0'),
('130', '1', '60', '116', '1', '0'),
('131', '0', '0', '116', '1', '0'),
('132', '0', '0', '84', '6', '0'),
('133', '0', '0', '116', '1', '0'),
('134', '0', '0', '157', '1', '0'),
('135', '0', '0', '116', '1', '0'),
('136', '2', '120', '116', '1', '0'),
('137', '0', '0', '116', '1', '0'),
('138', '9', '2250', '250', '12', '0'),
('139', '3', '180', '116', '1', '0'),
('140', '', '0', '0', '0', '0'),
('141', '0', '0', '84', '6', '0'),
('142', '0', '0', '84', '6', '0'),
('143', '0', '0', '0', '0', '0'),
('144', '0', '0', '116', '1', '0'),
('145', '0', '0', '116', '1', '0'),
('146', '0', '0', '116', '1', '0'),
('147', '2', '120', '116', '1', '0'),
('148', '2', '120', '116', '1', '0'),
('149', '0', '0', '599', '5', '0'),
('150', '0', '0', '116', '1', '0'),
('151', '0', '0', '260', '2', '0'),
('152', '', '240', '116', '1', '0'),
('153', '2', '120', '116', '1', '0'),
('154', '0', '0', '116', '1', '0'),
('155', '0', '0', '116', '1', '0'),
('156', '0', '0', '116', '1', '0'),
('157', '3', '180', '116', '1', '0'),
('158', '0', '0', '116', '1', '0'),
('159', '0', '0', '116', '1', '0'),
('160', '0', '0', '116', '1', '0'),
('161', '', '0', '0', '0', '0'),
('162', '0', '0', '230', '3', '0'),
('163', '0', '0', '84', '6', '0'),
('164', '0', '0', '84', '6', '0'),
('165', '0', '0', '160', '3', '0'),
('166', '0', '0', '147', '1', '0'),
('167', '0', '0', '147', '1', '0'),
('168', '4', '240', '160', '3', '0'),
('169', '0', '0', '232', '5', '0'),
('170', '0', '0', '99', '6', '0'),
('171', '0', '0', '84', '6', '0'),
('172', '0', '0', '116', '1', '0'),
('173', '1', '39', '160', '3', '0'),
('174', '0', '0', '147', '1', '0'),
('175', '1', '240', '116', '1', '0'),
('176', '0', '0', '116', '1', '0'),
('177', '0', '0', '116', '1', '0'),
('178', '0', '0', '116', '1', '0'),
('179', '2', '120', '116', '1', '0'),
('180', '0', '0', '160', '3', '0'),
('181', '0', '0', '84', '6', '0'),
('182', '0', '0', '200', '3', '0'),
('183', '2', '120', '116', '1', '0'),
('184', '0', '0', '116', '1', '0'),
('185', '0', '0', '116', '1', '0'),
('186', '0', '0', '116', '1', '0'),
('187', '1', '60', '116', '1', '0'),
('188', '0', '0', '84', '6', '0'),
('189', '0', '0', '116', '1', '0'),
('190', '0', '0', '116', '1', '0'),
('191', '0', '0', '116', '1', '0'),
('192', '0', '0', '84', '6', '0'),
('193', '2', '120', '116', '1', '0'),
('194', '0', '0', '116', '1', '0'),
('195', '1', '60', '116', '1', '0'),
('196', '0', '0', '84', '6', '0'),
('197', '0', '0', '116', '1', '0'),
('198', '0', '0', '84', '6', '0'),
('199', '0', '0', '116', '1', '0'),
('200', '2', '120', '116', '1', '0'),
('201', '4', '240', '116', '1', '0'),
('202', '4', '240', '116', '1', '0'),
('203', '4', '240', '116', '1', '0'),
('204', '3', '180', '116', '1', '0'),
('205', '4', '240', '116', '1', '0'),
('206', '4', '240', '116', '1', '0'),
('234', '4', '240', '116', '1', '0'),
('207', '2', '120', '116', '1', '0'),
('208', '0', '0', '116', '1', '0'),
('209', '4', '240', '116', '1', '0'),
('210', '4', '240', '116', '1', '0'),
('211', '0', '712', '0', '8', '0'),
('212', '0', '0', '116', '1', '0'),
('213', '', '0', '0', '0', '0'),
('214', '0', '0', '160', '3', '0'),
('215', '2', '120', '160', '3', '0'),
('216', '0', '0', '84', '6', '0'),
('217', '4', '240', '116', '1', '0'),
('280', '4', '240', '116', '1', '0'),
('279', '1', '240', '160', '3', '0'),
('220', '4', '240', '116', '1', '0'),
('221', '1', '60', '116', '1', '0'),
('278', '4', '240', '116', '1', '0'),
('223', '4', '240', '116', '1', '0'),
('224', '4', '240', '116', '1', '0'),
('225', '', '240', '0', '0', '0'),
('226', '4', '240', '116', '1', '0'),
('227', '0', '0', '116', '1', '0'),
('228', '', '0', '116', '1', '0'),
('230', '4', '240', '116', '1', '0'),
('231', '4', '240', '116', '1', '0'),
('232', '2', '120', '116', '1', '0'),
('233', '1', '60', '116', '1', '0'),
('235', '3', '180', '116', '1', '0'),
('238', '', '0', '0', '0', '0'),
('239', '1', '264', '116', '1', '0'),
('240', '3', '180', '116', '1', '0'),
('241', '4', '240', '116', '1', '0'),
('242', '4', '400', '116', '1', '0'),
('243', '2', '120', '116', '1', '0'),
('244', '2', '120', '116', '1', '0'),
('245', '0', '0', '260', '2', '0'),
('247', '4', '240', '116', '1', '0'),
('248', '4', '240', '116', '1', '0'),
('249', '0', '0', '84', '6', '0'),
('250', '0', '0', '84', '6', '0'),
('251', '4', '240', '116', '1', '0'),
('252', '4', '240', '116', '1', '0'),
('253', '0', '0', '260', '2', '0'),
('276', '4', '240', '116', '1', '0'),
('255', '2', '120', '116', '1', '0'),
('256', '0', '0', '116', '1', '0'),
('257', '4', '400', '116', '1', '0'),
('258', '8', '880', '116', '1', '0'),
('259', '4', '240', '116', '1', '0'),
('260', '4', '240', '116', '1', '0'),
('277', '4', '240', '116', '1', '0'),
('262', '', '240', '0', '0', '0'),
('264', '0', '0', '116', '1', '0'),
('265', '4', '240', '116', '1', '0'),
('266', '4', '240', '116', '1', '0'),
('267', '4', '240', '116', '1', '0'),
('268', '4', '240', '116', '1', '0'),
('269', '0', '240', '495.87', '4', '0'),
('270', '4', '240', '116', '1', '0'),
('271', '4', '240', '116', '1', '0'),
('272', '4', '240', '116', '1', '0'),
('273', '3', '180', '116', '1', '0'),
('274', '3', '180', '116', '1', '0'),
('281', '4', '240', '116', '1', '0'),
('282', '4', '240', '116', '1', '0'),
('283', '4', '240', '116', '1', '0'),
('284', '1', '60', '116', '1', '0'),
('285', '4', '240', '116', '1', '0'),
('286', '4', '240', '116', '1', '0'),
('287', '4', '240', '116', '1', '0'),
('288', '4', '240', '116', '1', '0'),
('289', '1', '240', '260', '2', '0'),
('290', '4', '240', '116', '1', '0'),
('291', '4', '240', '116', '1', '0'),
('292', '4', '240', '116', '1', '0'),
('293', '4', '240', '116', '1', '0'),
('294', '4', '240', '116', '1', '0'),
('295', '4', '240', '116', '1', '0'),
('296', '1', '240', '116', '1', '0'),
('297', '0', '0', '0', '0', '0'),
('298', '4', '240', '116', '1', '0'),
('299', '', '240', '0', '0', '0'),
('300', '', '240', '0', '0', '0'),
('301', '', '240', '0', '0', '0'),
('302', '', '240', '0', '0', '0'),
('303', '', '240', '0', '0', '0'),
('304', '1', '24', '160', '3', '0'),
('305', '0', '240', '600', '7', '0'),
('306', '', '240', '0', '0', '1');


-- Informacion de creacion de la tabla fichatecnica

CREATE TABLE `fichatecnica` (
  `id_ftecnica` int(11) NOT NULL AUTO_INCREMENT,
  `id_cliente` int(11) NOT NULL,
  `ipcliente` varchar(30) DEFAULT NULL,
  `nodo` varchar(30) DEFAULT NULL,
  `ipantena` varchar(30) DEFAULT NULL,
  `macap` varchar(30) DEFAULT NULL,
  `esid` varchar(30) DEFAULT NULL,
  `mactarjetared` varchar(30) DEFAULT NULL,
  `mastil` int(20) DEFAULT NULL,
  `cable` int(10) DEFAULT NULL,
  `senial` int(10) DEFAULT NULL,
  `tipoantena` varchar(45) DEFAULT NULL,
  `fhinstalacion` datetime DEFAULT NULL,
  PRIMARY KEY (`id_ftecnica`,`id_cliente`)
) ENGINE=MyISAM AUTO_INCREMENT=305 DEFAULT CHARSET=latin1;

-- Volcado de registros en la tabla fichatecnica

INSERT INTO fichatecnica (id_ftecnica, id_cliente, ipcliente, nodo, ipantena, macap, esid, mactarjetared, mastil, cable, senial, tipoantena, fhinstalacion) VALUES
('1', '1', '', '', '', '', '', '', '0', '0', '0', '', '0000-00-00 00:00:00'),
('2', '2', '172.30.10.69', 'QUEBRADA', '192.168.113.34', '00:0e:2e:87:f6:fe', 'ESTRA', '00:04:eg:da:05:35', '0', '0', '0', '', '0000-00-00 00:00:00'),
('244', '246', '172.30.10.4', 'IGLESIA', '192.168.112.74', '00-0E-2E-B2-09-21', '123-9', '00-0E-2E-B2-09-21', '0', '0', '0', '', '0000-00-00 00:00:00'),
('3', '3', '', '', '', '', '', '', '0', '0', '0', '', '0000-00-00 00:00:00'),
('5', '5', '172.30.10.67', 'Iglesia', '192.168.113.100', '00:11:3D:02:74:6D', '121-1', '00:11:3D:02:74:6D', '125255', '25', '252', '2252kjh', '0000-00-00 00:00:00'),
('6', '6', '172.30.10.74', 'Saine', '192.168.112.182', '00:40:0C:04:03:13', 'Sur-3', '00:40:0C:04:03:13', '0', '0', '0', '', '0000-00-00 00:00:00'),
('7', '7', '172.30.103127', 'Saine', '192.168.112.188', '00:15:6D:A6:66:62', 'Estra-Sur3', '00:15:6D:A6:66:62', '0', '0', '0', '', '0000-00-00 00:00:00'),
('8', '8', '', '', '', '', '', '', '0', '0', '0', '', '0000-00-00 00:00:00'),
('213', '213', '', '', '', '', '', '', '0', '0', '0', '', '0000-00-00 00:00:00'),
('9', '9', '172.30.10.166', 'Quebrada', '192.168.113.165', '00:11:3B:0C:3D:F2', '', '00:11:3B:0C:3D:F2', '0', '0', '0', '', '0000-00-00 00:00:00'),
('10', '10', '172.30.10.234', 'Vargas', '192.168.112.88', '00:1F:1F:01:7F:BE', 'Noeste', '00:1F:1F:01:7F:BE', '0', '0', '0', '', '0000-00-00 00:00:00'),
('11', '11', '172.30.10.164', 'Empresa', 'Cable UTP', '', '', '', '0', '0', '0', '', '0000-00-00 00:00:00'),
('12', '12', '172.30.10.21', 'Vargas', '192.168.113.189', '00:06:2E:B2:13:B0', 'Noeste', '00:06:2E:B2:13:B0', '0', '0', '0', '', '0000-00-00 00:00:00'),
('13', '13', '172.30.10.149', 'Perez', '192.168.112.58', '00:06:2E:AA:B4:DB', 'Vivelink', '00:06:2E:AA:B4:DB', '0', '0', '0', '', '0000-00-00 00:00:00'),
('14', '14', '172.30.10.202', 'Perez', '192.168.112.181', '00:0e:2E:AE:13:F9', 'Vivelink', '00:0e:2E:AE:13:F9', '0', '0', '0', '', '0000-00-00 00:00:00'),
('15', '15', '172.30.10.141', 'Perez', '192.168.113.211', '00:11:3B:0C:71:1A', 'Vivelink', '00:11:3B:0C:71:1A', '0', '0', '0', '', '0000-00-00 00:00:00'),
('16', '16', '172.30.10.50', 'SAINE', '192.168.113.49', '', '', '', '0', '0', '0', '', '0000-00-00 00:00:00'),
('17', '17', '172.30.10.55', 'Canal Federal', '', '', '', '', '0', '0', '0', '', '0000-00-00 00:00:00'),
('18', '18', '172.30.10.189', 'PEREZ', '192.168.112.161', '00:1F:1F:01:80:DB', '', '00:1F:1F:01:80:DB', '0', '0', '0', '', '0000-00-00 00:00:00'),
('19', '19', '172.30.11.15', 'Vargas', '192.168.113.108', '00:11:3B:0C:3E:B3', 'SUR', '00:11:3B:0C:3E:B3', '0', '0', '0', '', '0000-00-00 00:00:00'),
('20', '20', '172.30.10.104', 'Empresa', '192.168.112.201', '00.0C.20.C8.75', 'ApAntartida', '00.0C.20.C8.75', '0', '0', '0', '', '0000-00-00 00:00:00'),
('21', '21', '172.30.10.233', 'Vargas', '192.168.112.158', '00:0E:2E:B2:05:94', 'WISP', '00:0E:2E:B2:05:94', '0', '0', '0', '', '0000-00-00 00:00:00'),
('22', '22', '172.30.10.169', 'Iglesia', '', '', '', '', '0', '0', '0', '', '0000-00-00 00:00:00'),
('23', '23', '172.30.10.86', 'IGLESIA', '192.168.113.205', '00:11:3B:0C:4D:CB', '125-5', '00:11:3B:0C:4D:CB', '0', '0', '0', '', '0000-00-00 00:00:00'),
('24', '24', '172.30.10.16', 'Parque Industrial', '192.168.112.128', '00:1F:1F:01:80:EC', 'P2Pc', '00:1F:1F:01:80:EC', '0', '0', '0', '', '0000-00-00 00:00:00'),
('25', '25', '172.30.10.112', 'Saine', '192.168.112.191', '00:1F:1F:01:81:01', 'Estranet-Sur', '00:1F:1F:01:81:01', '0', '0', '0', '', '0000-00-00 00:00:00'),
('26', '26', '172.30,10.57', 'Iglesia', '192.168.112.194', '00.1F:1F:01:7E:29', '122-5', '00.1F:1F:01:7E:29', '0', '0', '0', '', '0000-00-00 00:00:00'),
('27', '27', '172.30.10.207', 'Empresa', 'cable', '', '', '', '0', '0', '0', '', '0000-00-00 00:00:00'),
('28', '28', '172.30.10.83', 'La Quebrada', '192168113183', '00:11:3B:0C:B3:8B', '', '00:11:3B:0C:B3:8B', '0', '0', '0', '', '0000-00-00 00:00:00'),
('29', '29', '172.30.10.219', 'IGLESIA', '192.168.113.37', '00:0E:2E:93:AP:7C', '122-5', '', '0', '0', '0', '', '0000-00-00 00:00:00'),
('30', '30', '172.30.11.24', 'COLORTEX', '192.168.112.231', '00:11:38:07:51:AF', 'P2PC', '00:11:38:07:51:AF', '0', '0', '0', '', '0000-00-00 00:00:00'),
('31', '31', '172.30.11.19', 'IGLESIA', '192.168.113.153', '', '126-9', '', '0', '0', '0', '', '0000-00-00 00:00:00'),
('32', '32', '172.30.10.53', 'PARQUE INDUSTRIAL', '192.168.113.169', '00-0E-2E-B2-09-54', 'ESTRA-SUR', '00-0F-G6-8D-B2-BB', '0', '0', '0', '', '0000-00-00 00:00:00'),
('33', '33', '', '', '', '', '', '', '0', '0', '0', '', '0000-00-00 00:00:00'),
('34', '34', '', '', '', '', '', '', '0', '0', '0', '', '0000-00-00 00:00:00'),
('35', '35', '', '', '', '', '', '', '0', '0', '0', '', '0000-00-00 00:00:00'),
('36', '36', '', '', '', '', '', '', '0', '0', '0', '', '0000-00-00 00:00:00'),
('37', '37', '', '', '', '', '', '', '0', '0', '0', '', '0000-00-00 00:00:00'),
('38', '38', '', '', '', '', '', '', '0', '0', '0', '', '0000-00-00 00:00:00'),
('39', '39', '', '', '', '', '', '', '0', '0', '0', '', '0000-00-00 00:00:00'),
('40', '40', '172.30.10.10', 'EMPRESA', '192.168.113.197', '00:11:3B:0C:43:F3', '', '00:11:3B:0C:43:F3', '0', '0', '0', '', '0000-00-00 00:00:00'),
('41', '41', '172.30.11.26', 'PARQUE INDUSTRIAL', '192.168.112.232', '00:0E:2E:AE:47:E5', 'P2PC', '00:0E:2E:AE:47:E5', '0', '0', '0', '', '0000-00-00 00:00:00'),
('42', '42', '172,30,10,118', 'VARGAS', '192,168,113,152', '', '', '', '0', '0', '0', '', '0000-00-00 00:00:00'),
('43', '43', '172.30.10.24	', 'IGLESIA', '192.168.113.97	', '00:11:3B:0C:3C:P1', '122-5', '00:11:3B:0C:3C:P1', '0', '0', '0', '', '0000-00-00 00:00:00'),
('44', '44', '172.30.10.17	', 'EMPRESA', '162.168,113.215	', '00:0E:2E:B2:05:67		', 'AP-ANTARTIDA', '00:0E:2E:B2:05:67		', '0', '0', '0', '', '0000-00-00 00:00:00'),
('45', '45', '172 .30.11.41', 'IGLESIA', '192-168-2-31', '00:E0:4C:81:E0:13', '122-5', '00:E0:4C:81:E0:13', '0', '0', '0', '', '0000-00-00 00:00:00'),
('46', '46', '172.30.10.63', 'IGLESIA', '192.168.113.54', '00-0E-2E-B2-14-B9', '125-1', '00-0E-2E-B2-14-B9', '0', '0', '0', '', '0000-00-00 00:00:00'),
('47', '47', '172.30.10.228', 'PARQUE INDUSTRIAL', '192.168.112.162', '00:02:2E:B2:11:CB', 'S3', '00:02:2E:B2:11:CB', '0', '0', '0', '', '0000-00-00 00:00:00'),
('48', '48', '172.30.11.30', 'PEREZ', '192.168.2.23', '2 BULET', 'VIVELINK', '2 BULET', '0', '0', '0', '', '0000-00-00 00:00:00'),
('49', '49', '172,30,10,117', 'PEREZ', '162,168,112,109', '00:11:3B:07:51:B6', '', '00:11:3B:07:51:B6', '0', '0', '0', '', '0000-00-00 00:00:00'),
('50', '50', '172.30.10.231', 'PEREZ', '192.168.113.182', '00,E0.4C.81.C4.B7', '122-5', '00,E0.4C.81.C4.B7', '0', '0', '0', '', '0000-00-00 00:00:00'),
('51', '51', '172.30.10.184', 'PEREZ', '192.168.2.35', '00:1F:1F:01:7E:F8', 'VIVELINK', '00:1F:1F:01:7E:F8', '0', '0', '0', '', '0000-00-00 00:00:00'),
('52', '52', '172.30.10.101', 'EMPRESA', '192.168.112.197', '', 'AP-ANTARTIDA', '', '0', '0', '0', '', '0000-00-00 00:00:00'),
('53', '53', '172.30.10.145', 'PARQUE INDUSTRIAL', '192.168.112.203', '00:11:3B:0C:6A:28', 'p2pc', '00:11:3B:0C:6A:28', '0', '0', '0', '', '0000-00-00 00:00:00'),
('54', '54', '172.30.11.42', 'VARGAS', '192.168.2.32', '00:11:3B:0C:30:08', 'NOESTE', '00:11:3B:0C:30:08', '0', '0', '0', '', '0000-00-00 00:00:00'),
('55', '55', '172.30.10.140', '', '', '', '', '', '0', '0', '0', '', '0000-00-00 00:00:00'),
('56', '56', '172,30,11,13', 'EMPRESA', '1992,168,112,70', '00:0C:2E:71:BC:DD', 'AP-ANTARTIDA', '00:0C:2E:71:BC:DD', '0', '0', '0', '', '0000-00-00 00:00:00'),
('57', '57', '172.30.11.46', 'VARGAS', '192.168.2.36', '00:0E:2E:93:92:DB', 'NOESTE', '00:0E:2E:93:92:DB', '0', '0', '0', '', '0000-00-00 00:00:00'),
('58', '58', '172.30.10.148', 'EMPRESA', '192.168.113.51', '00:0E:2E:B2:14:CA', 'AP-ANTARTIDA', '00:0E:2E:B2:14:CA', '0', '0', '0', '', '0000-00-00 00:00:00'),
('59', '59', '172,30,11,15', 'VARGAS', '192,168,113,108', '00:11:3B:0C:3E:B3', 'SUR', '00:11:3B:0C:3E:B3', '0', '0', '0', '', '0000-00-00 00:00:00'),
('60', '60', '172.30.10.36', 'AVILA', '192.168.113.223', '00:0E:2E:AF:A3:35', 'CFS-3', '00:1F:D0:A:41:DE', '0', '0', '0', '', '0000-00-00 00:00:00'),
('61', '61', '172.30.10.221parque industrial', 'PARQUE INDUSTRIAL', '192.168.113.91', '00-0E-2E-AA-B4-47  ', 'ANT-1', '00-0E-2E-AA-B4-47  ', '0', '0', '0', '', '0000-00-00 00:00:00'),
('62', '62', '172.30.11.51', 'PEREZ', '192.168.2.41', '00:15:6D:AD:98:71', 'VIVELINK', '00:15:6D:AD:98:71', '0', '0', '0', '', '0000-00-00 00:00:00'),
('63', '63', '172.30.10.156', 'PARUE INDUSTRIAL', '192.168.112.85', '00:0E:2E:B2:0C:FE', 'P2C2', '00:0E:2E:B2:0C:FE', '0', '0', '0', '', '0000-00-00 00:00:00'),
('64', '64', '172.30.10.156', 'PARUE INDUSTRIAL', '192.168.112.85', '00:0E:2E:B2:0C:FE', 'P2C2', '00:0E:2E:B2:0C:FE', '0', '0', '0', '', '0000-00-00 00:00:00'),
('65', '65', '172,30,11,49', 'IGLESIA', '162,168,112,131', '00:1F:1F:01:80:B9', '1125', '00:1F:1F:01:80:B9', '0', '0', '0', '', '0000-00-00 00:00:00'),
('66', '66', '172.30.11.56', 'EMPRESA', '192,68,2,39', '00:15:6D:AD:97:29', 'AP-ANTARTIDA', '00:15:6D:AD:97:29', '0', '0', '0', '', '0000-00-00 00:00:00'),
('67', '67', '172.30.10.155', 'QUEBRADA', '192.168.2.40', '00:0E:2E:AF:25:59', 'CFS-3', '', '0', '0', '0', '', '0000-00-00 00:00:00'),
('68', '68', '172.30.10.184', 'PEREZ', '192.168.2.35', '00:1F:1F:01:7E:F8', 'VIVELINK', '00:1F:1F:01:7E:F8', '0', '0', '0', '', '0000-00-00 00:00:00'),
('69', '69', '172.30.10.101/32', 'EMPRESA', '192.168.112.197', '', 'AP ANTARTIDA', '', '0', '0', '0', '', '0000-00-00 00:00:00'),
('70', '70', '172.30.11.42', 'VARGAS', '192.168.2.32', '00:11:3B:0C:30:08', 'NOESTE', '00:11:3B:0C:30:08', '0', '0', '0', '', '0000-00-00 00:00:00'),
('71', '71', '172.30.10.25', 'PARQUE INDUSTRIAL', '192,168.112.149', '00:1F:1F:01:7F:99', 'P2PC', '00:1F:1F:01:7F:99', '0', '0', '0', '', '0000-00-00 00:00:00'),
('72', '72', '172.30.11.37', 'IGLESIA', '192.168.2.28', '00:0e:2E:FB:05:44', '122-5', '00:0e:2E:FB:05:44', '0', '0', '0', '', '0000-00-00 00:00:00'),
('73', '73', '172.30.10.33', 'AVILA', '192-168-  112 - 72', '00-0E-2E-A0-5C-24', 'ESTRA', '00-16-EC-C6-99-1C', '0', '0', '0', '', '0000-00-00 00:00:00'),
('74', '74', '172.30.10.99', 'IGLESIA', '192.168.112.110', '', '', '', '0', '0', '0', '', '0000-00-00 00:00:00'),
('75', '75', '172.30.10.37', 'IDLESIA', 'SWICH', '', '', '', '0', '0', '0', '', '0000-00-00 00:00:00'),
('76', '76', '172.30.10.73', 'IGLESIA', '162.168.100.74', '00:11:3B:07:4B:59', '', '00:11:3B:07:4B:59', '0', '0', '0', '', '0000-00-00 00:00:00'),
('77', '77', '172.30.10.69', 'QUEBRADA', '192.168.113.34', '00:0E:2E:87:F6:FE', 'ESTRA', '00:0E:2E:87:F6:FE', '0', '0', '0', '', '0000-00-00 00:00:00'),
('78', '78', '172.30.11.40', 'IGLESIA', '192.168.2.30', '00:11:3B:0C:71:19', '122-5', '00:11:3B:0C:71:19', '0', '0', '0', '', '0000-00-00 00:00:00'),
('79', '79', '172.30.11.38', 'PEREZ', '192.168.2.29', '00:1F:1F:01:7E:0A', 'VIVELINK', '00:1F:1F:01:7E:0A', '0', '0', '0', '', '0000-00-00 00:00:00'),
('80', '80', '172.30.10.96', 'IGLESIA', '192.168.112.200', '00-40-0C-04-12-59', '121-2', '00-40-0C-04-12-59', '0', '0', '0', '', '0000-00-00 00:00:00'),
('81', '81', '172.30.10.197', 'EMPRESA', '192.168.113.199', '00:11:3B:0C:4A:A6', '', '00:11:3B:0C:4A:A6', '0', '0', '0', '', '0000-00-00 00:00:00'),
('82', '82', '172.30.10.58', 'PEREZ', '192.168.112.67', '00:11:3B:0C:F1:19', '', '00:11:3B:0C:F1:19', '0', '0', '0', '', '0000-00-00 00:00:00'),
('83', '83', '172.30.10.191', 'EMPRESA', '192,168,112,118', '00:1F:1F:01:80:F7', '', '00:1F:1F:01:80:F7', '0', '0', '0', '', '0000-00-00 00:00:00'),
('84', '84', '172.30.11.53', 'PARQUE INDUSTRIAL', '192.168.2.43', '00:15:6D:AD:98:71', 'P2PC BULLET 2', '00:15:6D:AD:98:71', '0', '0', '0', '', '0000-00-00 00:00:00'),
('85', '85', '172,30,10,113', 'PEREZ', '192.168.112.235', '', 'VIVELINK', '', '0', '0', '0', '', '0000-00-00 00:00:00'),
('86', '86', '172.30.10.61', 'IGLESIA', '192.168.112.78', '00:1F:1:01:81:4D', '121-1', '00:1F:1:01:81:4D', '0', '0', '0', '', '0000-00-00 00:00:00'),
('87', '87', '172.30.10.83', 'VARGAS', '192,168,112,151', '00-0E-2E-B2-13-AE', '', '00-0E-2E-B2-13-AE', '0', '0', '0', '', '0000-00-00 00:00:00'),
('88', '88', '172.30.11.65', 'PEREZ', '192.168.2.51', '', '', '', '0', '0', '0', '', '0000-00-00 00:00:00'),
('89', '89', '172.30.10.79', 'VARGAS', '162.168.112.22', ' 00-02-6F-45-C3-4E', '', ' 00-02-6F-45-C3-4E', '0', '0', '0', '', '0000-00-00 00:00:00'),
('90', '90', '172.30.10.187', 'PARQUE INDUSTRIAL', '192-168-112-110', '00.1F.1F.01.01.36', '', '00.1F.1F.01.01.36', '0', '0', '0', '', '0000-00-00 00:00:00'),
('91', '91', '172.30.103127', 'SAINE', '192.168.112.188', '00:15:6d:a6:66:62', 'ESTRA-SUR3', '00:15:6d:a6:66:62', '0', '0', '0', '', '0000-00-00 00:00:00'),
('92', '92', '172.30.10.76', 'PARQUE INDUSTRIAL', '192,168,112,68', '00:0E:2E:FB:00:5F', '', '00:0E:2E:FB:00:5F', '0', '0', '0', '', '0000-00-00 00:00:00'),
('93', '93', '172.30.10.187', 'EMPRESA', '192,168.100.54', '', '', '', '0', '0', '0', '', '0000-00-00 00:00:00'),
('94', '94', '172.30.10.225', 'VARGAS', '192.168.112.164', '00:1F:1F:01:7F:69', 'NOESTE', '00:1F:1F:01:7F:69', '0', '0', '0', '', '0000-00-00 00:00:00'),
('95', '95', '', '', '', '', '', '', '0', '0', '0', '', '0000-00-00 00:00:00'),
('96', '96', '172.30.10.227', 'VARGAS', '192.168.113.35', '00:0E:2E:7D:A5:84', 'SUR3', '00:0E:2E:7D:A5:84', '0', '0', '0', '', '0000-00-00 00:00:00'),
('97', '97', '172.30.10.77', 'PARQUE INDUSTRIAL', '192.168.113.184', '00:11:3V:0C:B1:B2', 'P2PC', '00:11:3V:0C:B1:B2', '0', '0', '0', '', '0000-00-00 00:00:00'),
('98', '98', '172.30.10.47', 'PARQUE INDUSTRIAL', '192.168.113.156', '00:0E:2E:B2:09:5E', '125-5', '00:0E:2E:B2:09:5E', '0', '0', '0', '', '0000-00-00 00:00:00'),
('99', '99', '172.30.10.226', 'PEREZ', '192.168.112.205', '00:11:3B:0C:3F:A1', 'VIVELINK', '00:11:3B:0C:3F:A1', '0', '0', '0', '', '0000-00-00 00:00:00'),
('100', '100', '172.30.10.162', 'IGLESIA', '192.168.112.90', '00-1F-1F-01-81-01   ', '121-1', '00-1F-1F-01-81-01   ', '0', '0', '0', '', '0000-00-00 00:00:00'),
('101', '101', '172.30.10.192', 'SAINE', '192.168.112.123', '00:1F:1F:01:7D:EF', '', '00:1F:1F:01:7D:EF', '0', '0', '0', '', '0000-00-00 00:00:00'),
('102', '102', '172.30.11.57', 'PARQUE INDUSTRIAL', '192.168.2.44', '00:15:6D:AD:98:8A', 'P2PC', '00:15:6D:AD:98:8A', '0', '0', '0', '', '0000-00-00 00:00:00'),
('103', '103', '172.30.10.84', 'SAINE', '192.168.112.15', '00:1F:1F:01:81:86', 'EST.SUR', '00:1F:1F:01:81:86', '0', '0', '0', '', '0000-00-00 00:00:00'),
('104', '104', '172.30.10.125', '', '', '', '', '', '0', '0', '0', '', '0000-00-00 00:00:00'),
('105', '105', '172.30.10.216', '', '', '', '', '', '0', '0', '0', '', '0000-00-00 00:00:00'),
('106', '106', '172.30.10.116', 'PARQUE INDUSTRIAL', '192.168.112.73', '00:0E:2E:8D:2E:38', 'P2PC', '00:0E:2E:8D:2E:38', '0', '0', '0', '', '0000-00-00 00:00:00'),
('107', '107', '172.30.10.142', '', '192.168.112.77', '', '', '', '0', '0', '0', '', '0000-00-00 00:00:00'),
('108', '108', '172.30.10.174', 'SAINE', '192.168.112.104', '00:1F:1F:01:7F:B3', '', '00:1F:1F:01:7F:B3', '0', '0', '0', '', '0000-00-00 00:00:00'),
('109', '109', '172.30.10.45', '', '', '', '', '', '0', '0', '0', '', '0000-00-00 00:00:00'),
('110', '110', '172.30.10.115', '', '', '', '', '', '0', '0', '0', '', '0000-00-00 00:00:00'),
('111', '111', '172.30.10.198', '', '', '', '', '', '0', '0', '0', '', '0000-00-00 00:00:00'),
('112', '112', '172,30,10,53', 'IGLESIA', '192,168,112,37', '00-11-3B-07-51-B5     ', '123-9', '00-11-3B-07-51-B5     ', '0', '0', '0', '', '0000-00-00 00:00:00'),
('113', '113', '172,30,10,60', 'QUEBRADA', '192,168,113,28', '', '', '', '0', '0', '0', '', '0000-00-00 00:00:00'),
('114', '114', '127.30.10.121', 'VARGAS', '192.168.2.45', '00-0E-2E-AA-B4-BE', 'PPE', '00-0E-2E-AA-B4-BE', '0', '0', '0', '', '0000-00-00 00:00:00'),
('115', '115', '172.30.10.143', 'IGLESIA', '192.168.112.107', '00-0E-2E-EC-3D-4E', '', '00-0E-2E-EC-3D-4E', '0', '0', '0', '', '0000-00-00 00:00:00'),
('116', '116', '172.30.11.27', 'EMPRESA', '192.168.112.233', '00:11:36:0C:3E:04', 'AP ANTARTIDA', '00:11:36:0C:3E:04', '0', '0', '0', '', '0000-00-00 00:00:00'),
('117', '117', '172.30.10.119', '', '', '', '', '', '0', '0', '0', '', '0000-00-00 00:00:00'),
('118', '118', '172.30.10.185', 'IGLESIA', '192.168.112.199', '00:1F:1F:01:80:7D', '', '00:1F:1F:01:80:7D', '0', '0', '0', '', '0000-00-00 00:00:00'),
('119', '119', '172.30.10.213', 'VARGAS', '192.168.112.203', '00:0E:2E:B2:05:8B', 'NESTE', '00:0E:2E:B2:05:8B', '0', '0', '0', '', '0000-00-00 00:00:00'),
('120', '120', '172.30.10.229', 'PEREZ', '192.168.112.38', '00:0E:2E:F2:FC:D8', 'VIVELINK', '00:0E:2E:F2:FC:D8', '0', '0', '0', '', '0000-00-00 00:00:00'),
('121', '121', '172.30.10.24', 'IGLESIA', '192.168.112.169', '00:1F:1F:01:81:01', '122-5', '00:1F:1F:01:81:01', '0', '0', '0', '', '0000-00-00 00:00:00'),
('122', '122', '172.30.11.47', 'VARGAS', '192.168.2.37', '00:1F:1F:01:7F:A1', 'NOESTE', '00:1F:1F:01:7F:A1', '0', '0', '0', '', '0000-00-00 00:00:00'),
('123', '123', '172.30.10.49', 'SAINE', '192.168.112.99', '00-1F-1F-01-80-F1    ', 'ESTRA-SUR3', '00-19-21-04-A6-C2', '0', '0', '0', '', '0000-00-00 00:00:00'),
('124', '124', '', '', '', '', '', '', '0', '0', '0', '', '0000-00-00 00:00:00'),
('125', '125', '172.30.11.56', 'EMPRESA', '192,68,2,39', '00:15:6D:AD:97:29', 'AP-ANTARTIDA', '00:15:6D:AD:97:29', '0', '0', '0', '', '0000-00-00 00:00:00'),
('126', '126', '172.30.10.98', 'IGLESIA', '192.168.113.259', '00-E0-4D-70-75-75', '121-1', '00-E0-4D-70-75-75', '0', '0', '0', '', '0000-00-00 00:00:00'),
('127', '127', '172.30.10.123', 'IGLESIA', '192.168.112.160', '00-60-B3-4F-1F-1C', '121-1', '00-60-B3-4F-1F-1C', '0', '0', '0', '', '0000-00-00 00:00:00'),
('128', '128', '172.30.11.32', 'EMPRESA', '192.168.112.80', '00:40:0C:04:03:C1', 'AP-ANTARTIDA', '00:40:0C:04:03:C1', '0', '0', '0', '', '0000-00-00 00:00:00'),
('129', '129', '172.30.10.28', '', '', '', '', '', '0', '0', '0', '', '0000-00-00 00:00:00'),
('130', '130', '172.30.113.18', 'EMPRESA', '192.168.112.106', '00:1F:1F:a1:8A:5C', 'AP-ANTARTIDA', '00:1F:1F:a1:8A:5C', '0', '0', '0', '', '0000-00-00 00:00:00'),
('131', '131', '172.30.10.232', 'PEREZ', '192.168.112.229', '00:40:0C:04:0E:B3', 'VIVELINK', '00:1f:d0:60:60:ee', '0', '0', '0', '', '0000-00-00 00:00:00'),
('132', '132', '172.30.10.71', 'PEREZ', '192.168.113.26', '00:0E:2E:B2:12:E2', '', '00:0E:2E:B2:12:E3', '0', '0', '0', '', '0000-00-00 00:00:00'),
('133', '133', '172.30.10.126', 'FEDERACION', '192.168.112.55', '00:0E:2E:FB:01:14', '', '00:0E:2E:FB:01:14', '0', '0', '0', '', '0000-00-00 00:00:00'),
('134', '134', '172.30.10.152', 'PEREZ', '192.168.112.180', '00:1F:1F:01:7E:C3', 'CFS-3', '00:1F:1F:01:7E:C3', '0', '0', '0', '', '0000-00-00 00:00:00'),
('135', '135', '172.30.11,39', 'VARGAS', '192.168.113.221', '00-0E-2E-AF-1A-92', 'PPE', '00-0E-2E-AF-1A-92', '0', '0', '0', '', '0000-00-00 00:00:00'),
('136', '136', '172.30.11.52', 'QUEBRADA', '192.168.2.42', '00:E0:4C:81:D3:7F', 'CFS-3', '00:E0:4C:81:D3:7F', '0', '0', '0', '', '0000-00-00 00:00:00'),
('137', '137', '172.30.11.17', 'SAINE', '192,168,113,62', '00:0E:2E:8D:23:39', 'ESTRANET SUR', '00:0E:2E:8D:23:39', '0', '0', '0', '', '0000-00-00 00:00:00'),
('138', '138', '', '', '', '', '', '', '0', '0', '0', '', '0000-00-00 00:00:00'),
('139', '139', '172.30.11.61', 'IGLESIA-KOSUMI TORRE SE 6 MTRO', '192.168.2.48', '00:E0:4C:02:69:8E', '122-5', '00:E0:4C:02:69:8E', '0', '0', '0', '', '0000-00-00 00:00:00'),
('140', '140', '', '', '', '', '', '', '0', '0', '0', '', '0000-00-00 00:00:00'),
('243', '245', '', '', '', '', '', '', '0', '0', '0', '', '0000-00-00 00:00:00'),
('141', '141', '172.30.10.132', '', '', '', '', '', '0', '0', '0', '', '0000-00-00 00:00:00'),
('142', '142', '172.30.10.204', 'PEREZ', '192.168.112.147', '00:11:3B:0C:47:3D', 'VIVELINK', '00:11:3B:0C:47:3D', '0', '0', '0', '', '0000-00-00 00:00:00'),
('143', '143', '173.30.11.66                  ', 'IGLESIA', '192.168.2.52', '00:1F.1F:01:7F:70', '123-9', '00:1F.1F:01:7F:70', '0', '0', '0', '', '0000-00-00 00:00:00'),
('144', '144', '172,30,10,147', 'IGLESIA', '162,168,113,157', '00-11-3B-0C-46-D3', '123', '00-11-3B-0C-46-D3', '0', '0', '0', '', '0000-00-00 00:00:00'),
('145', '145', '172.30.10.93', 'PEREZ', '192.168.112.144', '00:1f:1f:01;81:21', '', '00:1f:1f:01;81:21', '0', '0', '0', '', '0000-00-00 00:00:00'),
('146', '146', '172.30.10.93', 'PEREZ', '192.168.112.144', '00:1f:1f:01;81:21', '', '00:1f:1f:01;81:21', '0', '0', '0', '', '0000-00-00 00:00:00'),
('147', '147', '172.30.11.58', 'PEREZ-BULET 2 JAPONESA', '192.168.2.45', '00:15:6D:AD:97:23', 'VIVELINK', '00:15:6D:AD:97:23', '0', '0', '0', '', '0000-00-00 00:00:00'),
('148', '148', '172.30.11.58', 'PEREZ-BULET 2 JAPONESA', '192.168.2.45', '00:15:6D:AD:97:23', 'VIVELINK', '00:15:6D:AD:97:23', '0', '0', '0', '', '0000-00-00 00:00:00'),
('149', '149', '', '', '', '', '', '', '0', '0', '0', '', '0000-00-00 00:00:00'),
('150', '150', '172.30.10.40', 'IGLESIA', '192.168.112.210', '00:60:b3:4f:1e:17', '122-5', '00:60:b3:4f:1e:17', '0', '0', '0', '', '0000-00-00 00:00:00'),
('151', '151', '172.30.10.22', 'EMPRESA', '192.168.100.66', '00-11-3B-07-4F-71    ', '', '00-11-3B-07-4F-71    ', '0', '0', '0', '', '0000-00-00 00:00:00'),
('152', '152', '172.30.10.215', '', '', '', '', '', '0', '0', '0', '', '0000-00-00 00:00:00'),
('153', '153', '172.30.11.43', 'PEREZ', '192.168.2.33', '00:15:6D:AD:97:29', 'VIVELINK', '00:15:6D:AD:97:29', '0', '0', '0', '', '0000-00-00 00:00:00'),
('154', '154', '172,30,10,130', 'VARGAS', '162,168,112,110', '00:1f:1f:01:7e:c4', 'NOESTE', '00:1f:1f:01:7e:c4', '0', '0', '0', '', '0000-00-00 00:00:00'),
('155', '155', '172.30.10.52', 'PARQUE INDUSTRIAL', '192.168.113.185', '', '', '', '0', '0', '0', '', '0000-00-00 00:00:00'),
('156', '156', '172.30.11.64', 'VARGAS', '192.168.2.50', '00:15:6D:98:A3', 'NOESTE', '00:15:6D:98:A3', '0', '0', '0', '', '0000-00-00 00:00:00'),
('157', '157', '172.30.11.34|', 'PEREZ', '192.168.2.27', '00:15:6D:AD:31:0C', 'VIVELINK', '00:15:6D:AD:31:0C', '0', '0', '0', '', '0000-00-00 00:00:00'),
('158', '158', '172,30,10,100	', 'VARGAS', '192,168,112,192	', '00:11:3B:0C:2E:6E', 'NOESTE', '00:11:3B:0C:2E:6E', '0', '0', '0', '', '0000-00-00 00:00:00'),
('159', '159', '172.30.10.172', 'PARQUE INDUSTRIAL', '192.168.112.198', '00:1f:1f:01:82:2c', 'P2PC', '00:1f:1f:01:82:2c', '0', '0', '0', '', '0000-00-00 00:00:00'),
('160', '160', '172.30.10.222', 'VARGAS', '192.168.113.214', '00-11-3B-0C-F4-17', 'NESTE', '00-11-3B-0C-F4-17', '0', '0', '0', '', '0000-00-00 00:00:00'),
('161', '161', '172.30.10.59', 'SAINE', '192168113.89', '00:0E:2E:B2:0A:D7', '', '00:0E:2E:B2:0A:D7', '0', '0', '0', '', '0000-00-00 00:00:00'),
('162', '162', '172.30.10.27', 'PARQUE INDUSTRIAL', '192.168.113.158', '00-11-3B-0C-3E-B3    ', 'P2PC', '00-11-3B-0C-3E-B3    ', '0', '0', '0', '', '0000-00-00 00:00:00'),
('163', '163', '172.30.10.18', 'IGLESIA', '', '', '121-1', '', '0', '0', '0', '', '0000-00-00 00:00:00'),
('164', '164', '172.30.10.122/32', 'IGLESIA', '192.168.122.48', '00:11:3B:07:51:B6', '123-9', '00:11:3B:07:51:B6', '0', '0', '0', '', '0000-00-00 00:00:00'),
('165', '165', '172.30.10.128', '', '', '', '', '', '0', '0', '0', '', '0000-00-00 00:00:00'),
('166', '166', '172.30.10.62', '', '', '', '', '', '0', '0', '0', '', '0000-00-00 00:00:00'),
('167', '167', '172.30.10.209', 'IGLESIA', 'SWUITCH', '', '', '', '0', '0', '0', '', '0000-00-00 00:00:00'),
('168', '168', '173.30.11.48', 'EMPRESA', '192.168.2.38', '00:15:6D:AE:98:94', 'AP-ANTARTIDA', '00:15:6D:AE:98:94', '0', '0', '0', '', '0000-00-00 00:00:00'),
('169', '169', '', '', '', '', '', '', '0', '0', '0', '', '0000-00-00 00:00:00'),
('170', '170', '172.30.10.100', 'VARGAS', '192.168.112.192', '00:11:3B.07.4F.71', '', '00:11:3B.07.4F.71', '0', '0', '0', '', '0000-00-00 00:00:00'),
('171', '171', '172.30.10.170', 'IGLESIA', '192.168.112.141', '00:1F:1F:01:80:71', '123-9', '00:1F:1F:01:80:71', '0', '0', '0', '', '0000-00-00 00:00:00'),
('172', '172', '172.30.10.151', 'IGLESIA', '192.168.112.239', '00:1F:1F:01:81:59', '123-9', '00:1F:1F:01:81:59', '0', '0', '0', '', '0000-00-00 00:00:00'),
('173', '173', '172.30.10.56', 'VARGAS', '192.168.113.98', '00:0E:2E:B2:13:95', 'NESTE', '00:0E:2E:B2:13:95', '0', '0', '0', '', '0000-00-00 00:00:00'),
('174', '174', '172.30.10.34', 'IGLESIA', '192.168.100.35', '00-60-B3-4F-1D-FB', '', '00-60-B3-4F-1D-FB', '0', '0', '0', '', '0000-00-00 00:00:00'),
('175', '175', '172.30.11.68', 'EMPRESA', '192.168.2.56', '00:0E:2E:93:CC:F5', 'AP-ANTARTIDA', '00:0E:2E:93:CC:F5', '0', '0', '0', '', '0000-00-00 00:00:00'),
('176', '176', '172.30.10.137', 'IGLESIA', '192-168-  112 - 71', '00-1F-1F-01-81-4E', '122-5', '00-11-3B-0D-D5-65', '0', '0', '0', '', '0000-00-00 00:00:00'),
('177', '177', '172.30.10.95', 'PARQUE INDUSTRIAL', '192,168,112,193', '', 'P2PC', '', '0', '0', '0', '', '0000-00-00 00:00:00'),
('178', '178', '192.11.10.235', '', '192.168.113.203', '', '', '', '0', '0', '0', '', '0000-00-00 00:00:00'),
('179', '179', '172.30.11.29', 'PEREZ-BULET JAPONESA', '192.168.112.235', '00:15:6D:AD:30:FB', 'VIVELINK', '00:15:6D:AD:30:FB', '0', '0', '0', '', '0000-00-00 00:00:00'),
('180', '180', '172.30.10.72', '', '', '', '', '', '0', '0', '0', '', '0000-00-00 00:00:00'),
('181', '181', '172.30.10.201', 'QUEBRADA', '192.168.112.196', '00:11:3B:0C:4A:A8', 'SUR', '00:11:3B:0C:4A:A8', '0', '0', '0', '', '0000-00-00 00:00:00'),
('182', '182', '172.30.10.63', 'QUEBRADA', '192.168.100.181', '00:1F:1F:01:80:B0', '', '00:1F:1F:01:80:B0', '0', '0', '0', '', '0000-00-00 00:00:00'),
('183', '183', '172.30.11.69', 'VARGAS', '192.168.2.57', '00.1F:1F:01:80:ED', 'NESTE', '00.1F:1F:01:80:ED', '0', '0', '0', '', '0000-00-00 00:00:00'),
('184', '184', '172.30.10.120', 'VARGAS', '192.168.112.43', '00-0E-26-AA-B1-04', 'NESTE', '00-0E-26-AA-B1-04', '0', '0', '0', '', '0000-00-00 00:00:00'),
('185', '185', '172.30.10.64', 'IGLESIA', '192.168.112.214', '00:0E:2E:B2:11:FA', '123-9', '00:0E:2E:B2:11:FA', '0', '0', '0', '', '0000-00-00 00:00:00'),
('186', '186', '172.30.11.36', 'PEREZ', '192.168.112.107', '00:1F:1F:01:7F:0B', 'VIVELINK', '00:1F:1F:01:7F:0B', '0', '0', '0', '', '0000-00-00 00:00:00'),
('187', '187', '172.30.11.14', 'IGLESIA', '192.168.112.238', '00:E0:4C:81:D9:8F', '122-5', '00:E0:4C:81:D9:8F', '0', '0', '0', '', '0000-00-00 00:00:00'),
('188', '188', '172.30.10.92', '', '', '', '', '', '0', '0', '0', '', '0000-00-00 00:00:00'),
('189', '189', '172.30.10.176', 'IGLESIA', '192.168.113.107', '00-11-36-0C-3C-F4   ', '123-9', '00-11-36-0C-3C-F4   ', '0', '0', '0', '', '0000-00-00 00:00:00'),
('190', '190', '1720.30.10.193', 'VARGAS', '192.168.112.202', '00,11.3B.0C.3F-B8', 'NESTE', '00,11.3B.0C.3F-B8', '0', '0', '0', '', '0000-00-00 00:00:00'),
('191', '191', '172.30.10.109', 'EMPRESA', '192.168.112.36', '00-11-3B-07-4F-5F', '', '00-11-3B-07-4F-5F', '0', '0', '0', '', '0000-00-00 00:00:00'),
('192', '192', '172.30.10.230', 'AVILA', '192.168. 112. 96 ', '00-1F-1F-01-7E- A4', 'CFS-3', '00-1F-1F-01-7E- A4', '0', '0', '0', '', '0000-00-00 00:00:00'),
('193', '193', '172.30.11.44', 'IGLESIA', '192.168.2.34', '00:1F:1F:01:7E:G1', '122-5', '00:1F:1F:01:7E:G1', '0', '0', '0', '', '0000-00-00 00:00:00'),
('194', '194', '172.30.10.87', '', '', '', '', '', '0', '0', '0', '', '0000-00-00 00:00:00'),
('195', '195', '172.30.11.22', 'EMPRESA', '192.168.112.26', '00:0E:2E:B2:05:A4', 'AP-ANTARTIDA', '00:0E:2E:B2:05:A4', '0', '0', '0', '', '0000-00-00 00:00:00'),
('196', '196', '172.30.10.188', 'EMPRESA', '192.168.112.112', '00.1F.1F.01.81.0B', '', '00.1F.1F.01.81.0B', '0', '0', '0', '', '0000-00-00 00:00:00'),
('197', '197', '172.30.10.103', 'QUEBRADA', '192.168.112.220', '00:0E:25:43:33:CF', 'CFS-3', '00:0E:25:43:33:CF', '0', '0', '0', '', '0000-00-00 00:00:00'),
('198', '198', '172,30,10,14', 'CANAL FEDERAL', '192.168.113.166', '00:11:36:07:4E:C9', '', '00:11:36:07:4E:C9', '0', '0', '0', '', '0000-00-00 00:00:00'),
('199', '199', '172.30.10.20', 'VARGAS', '192.168.113.218', '00:06:2E:F0:2G:EC', '', '00:06:2E:F0:2G:EC', '0', '0', '0', '', '0000-00-00 00:00:00'),
('200', '200', '172.30.11.71', '', '192.168.2.59', '', '', '', '0', '0', '0', '', '0000-00-00 00:00:00'),
('201', '201', '172.30.11.73', 'VARGAS', '192.168.2.61', '00:15:6D:AD:97:1F', 'NOESTE', '00:1D:7D:33:55:FC', '0', '0', '0', '', '0000-00-00 00:00:00'),
('202', '202', '172.30.11.77', 'IGLESIA', '192.168.2.66', '00:0E:4c:81:C6:8D', '122-5', '00:23:5A:3D:98:32', '0', '0', '0', '', '0000-00-00 00:00:00'),
('203', '203', '172.30.11.78', 'EMPRESA', '192.168.2.67', '00:0E:2E:B2:08:C5', 'AP ANTARTIDA', '00:E1:06:6E:AD:00', '0', '0', '0', '', '0000-00-00 00:00:00'),
('204', '204', '172.30.11.74', 'EMPRESA', '192.168.2.63', '00:11.3B:0C:B1:B4', 'AP-ANTARTIDA', '00:11.3B:0C:B1:B4', '0', '0', '0', '', '0000-00-00 00:00:00'),
('205', '205', '172.30.11.79', 'AVILA', '192.168.2.68', '00:15:6D:AE:97:1B', 'CFS-3', '00:24:8C:BF:C2:97', '0', '0', '0', '', '0000-00-00 00:00:00'),
('206', '206', '172.30.11.80', '', '192.168.2.69', '', '', '', '0', '0', '0', '', '0000-00-00 00:00:00'),
('207', '207', '', '', '', '', '', '', '0', '0', '0', '', '0000-00-00 00:00:00'),
('208', '208', '', '', '', '', '', '', '0', '0', '0', '', '0000-00-00 00:00:00'),
('209', '209', '', '', '', '', '', '', '0', '0', '0', '', '0000-00-00 00:00:00'),
('210', '210', '', '', '', '', '', '', '0', '0', '0', '', '0000-00-00 00:00:00'),
('211', '211', '', '', '', '', '', '', '0', '0', '0', '', '0000-00-00 00:00:00'),
('212', '212', '', '', '', '', '', '', '0', '0', '0', '', '0000-00-00 00:00:00'),
('214', '214', '172.30.10.223', 'VARGAS', '192.168.112.183', '00-11-3B-0C-4A-AB', 'Noeste', '00:40:0c:04:09:ef', '0', '0', '0', '', '0000-00-00 00:00:00'),
('215', '215', '172.30.11.48', 'EMPRESA', '192.168.2.38', '00:15:6D:AE:98:94', 'AP-ANTARTIDA', '00:01:2E:AD:0D:E9', '0', '0', '0', '', '0000-00-00 00:00:00'),
('216', '216', '', '', '', '', '', '', '0', '0', '0', '', '0000-00-00 00:00:00'),
('217', '217', '', '', '', '', '', '', '0', '0', '0', '', '0000-00-00 00:00:00'),
('218', '218', '', '', '', '', '', '', '0', '0', '0', '', '0000-00-00 00:00:00'),
('219', '219', '', '', '', '', '', '', '0', '0', '0', '', '0000-00-00 00:00:00'),
('220', '220', '172.30.11.84', 'PEREZ', '192.168.2.74', '00:15:6D:AD:97:26', 'VIVELINK', '00:04:4B:80:80:03', '0', '0', '0', '', '0000-00-00 00:00:00'),
('221', '221', '172.30.11.41', 'IGLESIA', '192.168.2.31', '00:E0:4C:81:E0:13', '122-5', '00:E0:4C:81:E0:13', '0', '0', '0', '', '0000-00-00 00:00:00'),
('222', '222', '', '', '', '', '', '', '0', '0', '0', '', '0000-00-00 00:00:00'),
('223', '223', '172.30.11.86', 'SAINE', '192.168.2.76', '00:1S.6D:A0:31:88', 'SUR-2', '00:24:1D:61:3A:DC', '0', '0', '0', '', '0000-00-00 00:00:00'),
('224', '224', '172.30.11.76', 'IGLESIA', '192.168.2.65', '00:15:6D:AD:96:8A', '122-5', '00:15:6D:AD:96:8A', '0', '0', '0', '', '0000-00-00 00:00:00'),
('225', '225', '', '', '', '', '', '', '0', '0', '0', '', '0000-00-00 00:00:00'),
('226', '226', '172.30.11.87', 'PEREZ', '192.168.2.77', '00:00:4C:81:A0:9F', 'VIVELINK', '00:23:56:BC:6D:8B', '0', '0', '0', '', '0000-00-00 00:00:00'),
('227', '227', '172.30.10.55', 'FEDERACION', '', '', '', '', '0', '0', '0', '', '0000-00-00 00:00:00'),
('228', '228', '', '', '', '', '', '', '0', '0', '0', '', '0000-00-00 00:00:00'),
('229', '229', '172.30.10.76', 'VARGAS', '192.168.112.68', '00:0E:2E:FB:00:5F', '', '00:0E:2E:FB:00:5F', '0', '0', '0', '', '0000-00-00 00:00:00'),
('230', '230', '172.30.11.76', 'IGLESIA', '192.168.2.65', '00:15:ED:AD:96:8A', '122-5', '00:15:ED:AD:96:8A', '0', '0', '0', '', '0000-00-00 00:00:00'),
('231', '231', '172.30.11.67', 'IGLESIA', '192.168.2.55', '00:1F:1F:01:7E:21', '121-1', '00:1F:1F:01:7E:21', '0', '0', '0', '', '0000-00-00 00:00:00'),
('232', '232', '172.30.10.184', 'PEREZ', '192.168.2.35', '00:1F:1F:01:7E:F8', 'VIVELINK', '00:1F:1F:01:7E:F8', '0', '0', '0', '', '0000-00-00 00:00:00'),
('233', '233', '172.30.11.42', 'VARGAS', '192.168.2.32', '00:11:3B:0C:30:08', 'NOESTE', '00:11:3B:0C:30:08', '0', '0', '0', '', '0000-00-00 00:00:00'),
('234', '234', '172.30.11.88', '', '192.168.2.78', '', '', '', '0', '0', '0', '', '0000-00-00 00:00:00'),
('235', '235', '172.30.11.63', 'Empresa', '192.168.2.49', '00:11:3B:07:4F:32', 'APANTARTIDA', '00:11:3B:07:4F:32', '0', '0', '0', '', '0000-00-00 00:00:00'),
('236', '238', '172.30.10.180', 'SAINE', '192.168.113.201', '', 'SUR-E', '08:10:74:0f:b2:f7', '0', '0', '0', '', '0000-00-00 00:00:00'),
('237', '239', '172.30.11.89', 'IGLESIA', '192.168.2.79', '00:0E:4C:81:A0:91', '122-5', '00:01:6C:08:64:26', '0', '0', '0', '', '0000-00-00 00:00:00'),
('238', '240', '172.30.11.72', 'PEREZ', '192.168.2.61', '00:E0:4C:81:D9:21', 'Vivelink', '', '0', '0', '0', '', '0000-00-00 00:00:00'),
('239', '241', '172.30.11.90', 'IGLESIA', '192.168.2.80', '00:E0:4C:81:BB:05', '122-5', '00:05:1C:01:A3:DF', '0', '0', '0', '', '0000-00-00 00:00:00'),
('240', '242', '172.30.11.46', 'EMPRESA', '192.168.2.36', '', '', '', '0', '0', '0', '', '0000-00-00 00:00:00'),
('241', '243', '', '', '', '', '', '', '0', '0', '0', '', '0000-00-00 00:00:00'),
('242', '244', '172.30.10.148', 'VARGAS', '192.168.113.51', '00:0E:2E:B2:14:CA', '', '00:ED:4D:7F:72:41', '0', '0', '0', '', '0000-00-00 00:00:00'),
('245', '247', '172.30.11.45', 'PEREZ', '192.168.2.68', '00:15:6d:Ad:97:21', 'VIVELINK', '00:15:6d:Ad:97:21', '0', '0', '0', '', '0000-00-00 00:00:00'),
('246', '248', '172.30.11.75', 'SAINE', '192.168.2.64', '00:15:6D:AP:94:A8', 'ESTRANET SUR', '', '0', '0', '0', '', '0000-00-00 00:00:00'),
('247', '249', '', '', '', '', '', '', '0', '0', '0', '', '0000-00-00 00:00:00'),
('248', '250', '172.30.10.69', 'LA QUEBRADA', '192.168.113.34', '00:0E:2E:87:F6:FE', 'ESTRA', '00:04:EG:DA:05:35', '0', '0', '0', '', '0000-00-00 00:00:00'),
('249', '251', '172.30.11.91', 'VARGAS', '192.168.2.81', '00:15:6D:AD:2A:3C', 'NESTE', '00:11:09.06.30:14', '0', '0', '0', '', '0000-00-00 00:00:00'),
('250', '252', '172.30.11.92', 'SAINE', '192.168.2.82', '00:15:6D:AD:2C:1E', 'SUR-1', '00:14:2A:EB:C1:A8', '0', '0', '0', '', '0000-00-00 00:00:00'),
('251', '253', '172.30.10.54', 'IGLESIA', '192.168.113.193', '00:11:3B:0C:4A:AF', '122-5', '00:11:3B:0C:4A:AF', '0', '0', '0', '', '0000-00-00 00:00:00'),
('252', '254', '', '', '', '', '', '', '0', '0', '0', '', '0000-00-00 00:00:00'),
('253', '255', '', '', '', '', '', '', '0', '0', '0', '', '0000-00-00 00:00:00'),
('254', '256', '', '', '', '', '', '', '0', '0', '0', '', '0000-00-00 00:00:00'),
('255', '257', '', '', '', '', '', '', '0', '0', '0', '', '0000-00-00 00:00:00'),
('256', '258', '', '', '', '', '', '', '0', '0', '0', '', '0000-00-00 00:00:00'),
('257', '259', '172.30.11.93', 'EMPRESA', '192.168.2.83', '00:15:6D:AD:28:8F', 'APANTARTIDA', '00:30:67:09:57:94', '0', '0', '0', '', '0000-00-00 00:00:00'),
('258', '260', '172.30.11.94', 'IGLESIA', '192.168.2.84', '00:15:6D:AD:29:59', '122-5', '00.0B:6A:B:3.6D:4D', '0', '0', '0', '', '0000-00-00 00:00:00'),
('259', '261', '', '', '', '', '', '', '0', '0', '0', '', '0000-00-00 00:00:00'),
('260', '262', '', '', '', '', '', '', '0', '0', '0', '', '0000-00-00 00:00:00'),
('261', '263', '', '', '', '', '', '', '0', '0', '0', '', '0000-00-00 00:00:00'),
('262', '264', '', '', '', '', '', '', '0', '0', '0', '', '0000-00-00 00:00:00'),
('263', '265', '172.30.11.95', 'PEREZ', '192.168.2.85', '00:E0:4C:81:BB:1F', 'VIVELINK', '00:0B:EA:C7:0C:C2', '0', '0', '0', '', '0000-00-00 00:00:00'),
('264', '266', '172.30.11.101', 'QUEBRADA', '192.168.2.91', '00:15:6D:AE:98:94', 'CFS-3', '00:16:EA:50:4A:D8', '0', '0', '0', '', '0000-00-00 00:00:00'),
('265', '267', '172.30.11.99', 'AVILA', '192.168.2.89', '00:E0:4C:81.B9:BD', 'CFS-3', '00:E0:4C:81.B9:BD', '0', '0', '0', '', '0000-00-00 00:00:00'),
('266', '268', '', '', '', '', '', '', '0', '0', '0', '', '0000-00-00 00:00:00'),
('267', '269', '', '', '', '', '', '', '0', '0', '0', '', '0000-00-00 00:00:00'),
('268', '270', '172.30.11.96', 'IGLESIA', '192.168.2.86', '00:15:6D:AD:27:1E', '123-9', '00:E0:40:8B:79:F0', '0', '0', '0', '', '0000-00-00 00:00:00'),
('269', '271', '172.30.11.100', 'IGLESIA', '192.168.2.90', '00:1F:1F:01:7F:0F', '122-5', '00:1F:D0:60:61:5A', '0', '0', '0', '', '0000-00-00 00:00:00'),
('270', '272', '172.30.11.98', 'vargas', '192.168.2.88', '00:15:6d:ad:2a:44', 'NOeste', '00:24:1d:62:99:8c', '0', '0', '0', '', '0000-00-00 00:00:00'),
('271', '273', '172.30.11.82', 'VARGAS', '192.168.2.72', '00:E0:4C:81:D3:D1', 'NESTE', '00:E0:4C:81:D3:D1', '0', '0', '0', '', '0000-00-00 00:00:00'),
('272', '274', '172.30.11.83', 'SAINE', '192.168.2.73', '00:15:6D:AD:98:91', 'ESTRANET_SUR1', '00:15:6D:AD:98:91', '0', '0', '0', '', '0000-00-00 00:00:00'),
('273', '275', '172.30.11.102', 'PEREZ', '192.168.2.92', '00:15:6D:AD:28:C5', 'VIVELINK', '00:16:EC:48:0B:68', '0', '0', '0', '', '0000-00-00 00:00:00'),
('274', '276', '172.30.11.103', 'PEREZ', '192.168.2.93', '00:0E:2E:B2:0F:A8', 'VIVELINK', '00:16:EC:F7:CO:A7', '0', '0', '0', '', '0000-00-00 00:00:00'),
('275', '277', '172.30.11.104', 'EMPRESA', '192.168.2.94', '00:15:6D:AD:29:A1', 'APANTARTIDA', '00:19:21:8D:B5:52', '0', '0', '0', '', '0000-00-00 00:00:00'),
('276', '278', '172.30.11.105', 'vARGAS', '192.168.2.95', '00:15:6D:AD:28:B7', '', '00:1F:06:B5:18:13', '0', '0', '0', '', '0000-00-00 00:00:00'),
('277', '279', '172.30.10.213', 'IGLESIA', 'CABLE DESDE SWICH', '', '', '', '0', '0', '0', '', '0000-00-00 00:00:00'),
('278', '280', '172.30.11.107', 'EMPRESA', '192.168.2.96', '00:E0:4C:08:97:7F', 'AP-ANTARTIDA', '00:13:8F:AE:29:94', '0', '0', '0', '', '0000-00-00 00:00:00'),
('279', '281', '172.30.11.109', 'PEREZ', '192.168.2.98', '00:E0:4C:08:97:97', 'VIVELINK', '', '0', '0', '0', '', '0000-00-00 00:00:00'),
('280', '282', '172.30.11.111', 'VARGAS', '192.168.2.100', '00:E0:4C:08:94:05', 'NOeste', '00:E0:4D:16C:C:1F', '0', '0', '0', '', '0000-00-00 00:00:00'),
('281', '283', '172.30.11.110', 'VARGAS', '192.168.2.99', '00:E0:4C:08:0C:05', 'NOeste', '00:E0:4D:C0:6A:DA', '0', '0', '0', '', '0000-00-00 00:00:00'),
('282', '284', '172.30.11.40', '', '192.168.2.30', '', '', '', '0', '0', '0', '', '0000-00-00 00:00:00'),
('283', '285', '172.30.11.112', 'PEREZ', '192.168.2.101', '00:15:ED:AD:2A:BA', 'VIVELINK', '00:0C:6E:7E:96:89', '0', '0', '0', '', '0000-00-00 00:00:00'),
('284', '286', '172.30.11.113', 'PEREZ', '192.168.2.102', '00:E0:4C:08:94:ED', 'VIVELINK', '00:00:21:48:4E:6C', '0', '0', '0', '', '0000-00-00 00:00:00'),
('285', '287', '172.30.11.115', 'EMPRESA', '192.168.2.104', '00:15:6D:AD:DA:C7', 'APANTARTIDA', '00:30:18:A4:B0:C0', '0', '0', '0', '', '0000-00-00 00:00:00'),
('286', '288', '172.30.11.114', 'IGLESIA', '192.168.2.103', '00:0E:2E:B2:0C:FD', '123-9', '00:0F:B0:FA:BF:04', '0', '0', '0', '', '0000-00-00 00:00:00'),
('287', '289', '172.30.11.116', 'SAINE', '192.168.2.105', '00:15:6D:AE:27:BC', 'ESTRA-SUD', '00:0B:6A:CD:03:32', '0', '0', '0', '', '0000-00-00 00:00:00'),
('288', '290', '172.30.11.117', '', '192.168.2.106', '', '', '', '0', '0', '0', '', '0000-00-00 00:00:00'),
('289', '291', '172.30.11.118', 'AVILA', '192.168.2.106', '00:E0:4C:08:8F:37', 'CFS-03', '00:24:8C:DA:39:3E', '0', '0', '0', '', '0000-00-00 00:00:00'),
('290', '292', '172.30.11.119', 'SAINE', '192.168.2.108', '00:E0:4C:08:8C:57', 'ESTRA SUR-2', '00:E0:4D:2D:4E:B6', '0', '0', '0', '', '0000-00-00 00:00:00'),
('291', '293', '172.30.11.120', '', '192.168.2.109', '', '', '', '0', '0', '0', '', '0000-00-00 00:00:00'),
('292', '294', '172.30.11.97', 'SAINE', '192.168.2.87', '00:15:6D:AD:27:56', 'SUR-2', '00:15:6D:AD:27:56', '0', '0', '0', '', '0000-00-00 00:00:00'),
('293', '295', '172.30.11.85', 'IGLESIA', '192.168.2.75', '00:15:6D:AD:97:4E', '122-5', '00:15:6D:AD:97:4E', '0', '0', '0', '', '0000-00-00 00:00:00'),
('294', '296', '172.30.11.121', '', '192.168.2.110', '', '', '', '0', '0', '0', '', '0000-00-00 00:00:00'),
('295', '297', '172.30.10.12//172.30.10.163', 'CFS', '', '00-0E-2E-B2-14-38', '', '00-0E-2E-B2-14-38', '0', '0', '0', '', '0000-00-00 00:00:00'),
('296', '298', '172.30.11.122', '', '192.168.2.111', '', '', '', '0', '0', '0', '', '0000-00-00 00:00:00'),
('297', '299', '10.10.1.100', 'ANDINA', '10.101.300.35', '', '', '', '0', '0', '0', '', '0000-00-00 00:00:00'),
('298', '300', '10.10.10.0', '', '10.10.10.101', '', '', '', '0', '0', '0', '', '0000-00-00 00:00:00'),
('299', '301', '10.10.10.0', '10', '10.10.10.101', '', '', '', '0', '0', '0', '', '0000-00-00 00:00:00'),
('300', '302', '050525', '', '', '', '', '', '0', '0', '0', '', '0000-00-00 00:00:00'),
('301', '303', '192.45.30.30', 'AVILA', '2525', '525', '2525', '25225', '25225', '252', '25225', '25225', '2009-10-25 16:00:00'),
('302', '304', '1', '1', '1', '1', '1', '1', '0', '0', '0', '', '0000-00-00 00:00:00'),
('303', '305', '10', '20', '20', '02', '202', '', '0', '25', '0', '', '0000-00-00 00:00:00'),
('304', '306', '1002', '202', '020', '02', '202', '02', '0', '0', '0', '', '0000-00-00 00:00:00');


-- Informacion de creacion de la tabla ordeninstalacion

CREATE TABLE `ordeninstalacion` (
  `id_orden` int(11) NOT NULL AUTO_INCREMENT,
  `id_cliente` int(11) NOT NULL,
  `fecha` date NOT NULL,
  `observacion` blob,
  PRIMARY KEY (`id_orden`,`id_cliente`)
) ENGINE=MyISAM AUTO_INCREMENT=9 DEFAULT CHARSET=latin1;

-- Volcado de registros en la tabla ordeninstalacion

INSERT INTO ordeninstalacion (id_orden, id_cliente, fecha, observacion) VALUES
('1', '299', '2009-08-12', ''),
('2', '300', '2009-08-12', ''),
('3', '301', '2009-08-12', ''),
('4', '302', '2009-08-06', ''),
('5', '303', '2009-08-31', 'DSDDS'),
('6', '304', '2009-09-02', ''),
('7', '305', '2009-09-01', ''),
('8', '306', '2009-09-01', '');


-- Informacion de creacion de la tabla pagoabono

CREATE TABLE `pagoabono` (
  `id_cliente` int(11) NOT NULL,
  `id_recibo` int(11) NOT NULL,
  `periodo` date NOT NULL,
  `pago` float DEFAULT NULL,
  PRIMARY KEY (`id_cliente`,`id_recibo`)
) ENGINE=MyISAM DEFAULT CHARSET=latin1;

-- Volcado de registros en la tabla pagoabono

INSERT INTO pagoabono (id_cliente, id_recibo, periodo, pago) VALUES
('1', '1', '2009-03-01', '116'),
('1', '7', '2009-04-01', '116'),
('1', '8', '2009-04-01', '116'),
('1', '9', '2009-05-01', '116'),
('1', '10', '2009-05-01', '116'),
('1', '11', '2009-05-01', '116'),
('1', '12', '2009-05-01', '116'),
('1', '13', '2009-06-01', '116'),
('1', '14', '2009-06-01', '116'),
('1', '15', '2009-06-01', '116'),
('1', '16', '2009-06-01', '116'),
('1', '17', '2009-06-01', '116'),
('1', '18', '2009-06-01', '116'),
('1', '19', '2009-06-01', '116'),
('1', '20', '2009-06-01', '116'),
('1', '21', '2009-06-01', '116'),
('1', '22', '2009-06-01', '116'),
('1', '23', '2009-07-01', '116'),
('1', '24', '2009-08-01', '116'),
('1', '25', '2009-09-01', '116'),
('1', '26', '2009-10-01', '116'),
('1', '27', '2009-07-01', '116'),
('3', '31', '2009-04-01', '156'),
('1', '32', '2009-11-01', '116'),
('1', '33', '2009-12-01', '116'),
('1', '34', '2010-01-01', '116'),
('1', '35', '2010-02-01', '116'),
('1', '36', '2010-03-01', '116'),
('1', '37', '2010-04-01', '116'),
('1', '38', '2010-05-01', '116'),
('1', '39', '2010-06-01', '116'),
('1', '40', '2010-07-01', '116'),
('1', '41', '2010-08-01', '116'),
('5', '42', '2007-07-01', '116'),
('5', '43', '2007-08-01', '147'),
('3', '44', '2009-05-01', '156'),
('32', '45', '2009-04-01', '100'),
('3', '46', '2009-06-01', '156'),
('37', '47', '2009-05-01', '500'),
('37', '49', '2009-06-01', '600'),
('37', '50', '2009-07-01', '600'),
('207', '236', '2009-07-01', '116'),
('195', '235', '2009-07-01', '116'),
('47', '234', '2009-04-01', '116'),
('39', '54', '2009-05-01', '160'),
('39', '55', '2009-06-01', '80'),
('39', '56', '2009-07-01', '160'),
('28', '57', '2009-07-01', '84'),
('48', '273', '2009-07-01', '116'),
('198', '233', '2009-07-01', '84'),
('171', '190', '2009-06-01', '84'),
('45', '61', '2009-05-01', '0'),
('51', '62', '2009-05-01', '116'),
('62', '63', '2009-05-01', '116'),
('21', '269', '2009-07-01', '116'),
('110', '246', '2009-07-01', '84'),
('278', '245', '2009-07-01', '116'),
('6', '67', '2009-06-01', '147'),
('247', '244', '2009-07-01', '77'),
('29', '69', '2009-06-01', '116'),
('39', '70', '2009-09-01', '160'),
('68', '71', '2009-05-01', '116'),
('88', '277', '2009-07-01', '116'),
('142', '74', '2009-06-01', '84'),
('175', '75', '2009-06-01', '116'),
('42', '76', '2009-06-01', '116'),
('50', '211', '2009-07-01', '116'),
('173', '207', '2009-07-01', '116'),
('201', '79', '2009-06-01', '116'),
('202', '80', '2009-06-01', '116'),
('203', '81', '2009-06-01', '116'),
('15', '82', '2009-06-01', '84'),
('61', '83', '2009-06-01', '147'),
('133', '84', '2009-05-01', '116'),
('133', '85', '2009-06-01', '116'),
('53', '86', '2009-04-01', '160'),
('157', '87', '2009-05-01', '38'),
('157', '88', '2009-06-01', '116'),
('137', '89', '2009-06-01', '176'),
('63', '90', '2009-06-01', '147'),
('154', '91', '2009-06-01', '116'),
('205', '92', '2009-06-01', '116'),
('206', '93', '2009-06-01', '116'),
('163', '94', '2009-06-01', '84'),
('25', '95', '2009-06-01', '116'),
('62', '96', '2009-06-01', '69'),
('198', '97', '2009-06-01', '84'),
('72', '98', '2009-06-01', '116'),
('207', '99', '2009-06-01', '116'),
('104', '100', '2009-06-01', '260'),
('78', '101', '2009-06-01', '116'),
('208', '102', '2009-06-01', '116'),
('209', '103', '2009-07-01', '116'),
('210', '104', '2009-06-01', '116'),
('211', '105', '2009-06-01', '200'),
('179', '106', '2009-06-01', '116'),
('212', '107', '2009-06-01', '116'),
('44', '108', '2009-05-01', '116'),
('44', '109', '2009-06-01', '116'),
('10', '110', '2009-06-01', '116'),
('180', '111', '2009-06-01', '160'),
('155', '230', '2009-07-01', '116'),
('106', '113', '2009-05-01', '116'),
('19', '114', '2009-07-01', '116'),
('139', '115', '2009-07-01', '116'),
('54', '116', '2009-07-01', '116'),
('214', '117', '2009-06-01', '160'),
('188', '118', '2009-07-01', '84'),
('100', '231', '2009-07-01', '84'),
('216', '120', '2009-06-01', '84'),
('217', '121', '2009-06-01', '116'),
('176', '122', '2009-04-01', '116'),
('176', '123', '2009-05-01', '116'),
('73', '124', '2009-03-01', '116'),
('176', '125', '2009-06-01', '116'),
('73', '126', '2009-04-01', '116'),
('73', '127', '2009-05-01', '116'),
('73', '128', '2009-06-01', '116'),
('280', '268', '2009-07-01', '116'),
('279', '250', '2009-07-01', '160'),
('115', '131', '2009-04-01', '152'),
('115', '132', '2009-05-01', '140'),
('115', '133', '2009-06-01', '116'),
('52', '134', '2009-06-01', '116'),
('10', '135', '2009-07-01', '116'),
('111', '136', '2009-07-01', '116'),
('220', '137', '2009-06-01', '116'),
('196', '249', '2009-07-01', '84'),
('223', '139', '2009-06-01', '116'),
('226', '140', '2009-07-01', '116'),
('140', '141', '2009-06-01', '116'),
('140', '142', '2009-07-01', '116'),
('191', '143', '2009-06-01', '116'),
('99', '144', '2009-07-01', '160'),
('109', '145', '2009-06-01', '160'),
('92', '146', '2009-06-01', '147'),
('92', '147', '2009-07-01', '161'),
('229', '148', '2009-06-01', '147'),
('224', '149', '2009-06-01', '116'),
('230', '150', '2009-06-01', '116'),
('231', '151', '2009-06-01', '116'),
('114', '152', '2009-07-01', '116'),
('234', '153', '2009-07-01', '116'),
('181', '154', '2009-07-01', '84'),
('190', '155', '2009-07-01', '116'),
('239', '156', '2009-07-01', '116'),
('31', '157', '2009-07-01', '116'),
('167', '158', '2009-06-01', '161'),
('57', '159', '2009-06-01', '670.86'),
('57', '160', '2009-07-01', '670.86'),
('57', '161', '2009-08-01', '670.86'),
('57', '162', '2009-09-01', '670.86'),
('57', '163', '2009-09-01', '670.86'),
('14', '164', '2009-07-01', '116'),
('193', '165', '2009-07-01', '116'),
('60', '166', '2009-07-01', '116'),
('175', '167', '2009-07-01', '85'),
('241', '168', '2009-07-01', '116'),
('124', '169', '2009-06-01', '936'),
('205', '170', '2009-07-01', '43'),
('243', '171', '2009-05-01', '116'),
('244', '172', '2009-05-01', '128'),
('13', '173', '2009-07-01', '116'),
('204', '174', '2009-07-01', '116'),
('232', '175', '2009-07-01', '116'),
('104', '176', '2009-07-01', '130'),
('93', '177', '2009-07-01', '116'),
('245', '178', '2009-07-01', '156'),
('131', '179', '2009-07-01', '116'),
('247', '180', '2009-06-01', '116'),
('144', '181', '2009-07-01', '116'),
('12', '182', '2009-07-01', '116'),
('251', '183', '2009-07-01', '116'),
('41', '184', '2009-07-01', '116'),
('30', '185', '2009-07-01', '116'),
('252', '186', '2009-07-01', '116'),
('248', '187', '2009-06-01', '116'),
('248', '188', '2009-07-01', '54'),
('250', '189', '2009-07-01', '84'),
('103', '248', '2009-07-01', '295'),
('277', '243', '2009-07-01', '116'),
('276', '241', '2009-07-01', '116'),
('255', '194', '2009-05-01', '116'),
('255', '195', '2009-06-01', '116'),
('255', '196', '2009-07-01', '116'),
('259', '205', '2009-07-01', '116'),
('130', '209', '2009-07-01', '116'),
('130', '208', '2009-06-01', '116'),
('160', '200', '2009-06-01', '116'),
('123', '206', '2009-07-01', '84'),
('120', '210', '2009-07-01', '84'),
('153', '203', '2009-07-01', '116'),
('199', '204', '2009-07-01', '116'),
('75', '212', '2009-06-01', '147'),
('75', '213', '2009-07-01', '147'),
('65', '214', '2009-07-01', '116'),
('137', '215', '2009-07-01', '116'),
('266', '216', '2009-07-01', '116'),
('275', '240', '2009-07-01', '116'),
('132', '239', '2009-07-01', '84'),
('7', '238', '2009-07-01', '116'),
('203', '237', '2009-07-01', '54'),
('80', '232', '2009-07-01', '660'),
('268', '222', '2009-07-01', '116'),
('269', '223', '2009-07-01', '116'),
('270', '224', '2009-07-01', '116'),
('271', '225', '2009-07-01', '116'),
('267', '226', '2009-07-01', '116'),
('272', '227', '2009-07-01', '116'),
('265', '228', '2009-07-01', '116'),
('260', '229', '2009-07-01', '116'),
('33', '252', '2009-07-01', '147'),
('82', '253', '2009-06-01', '116'),
('11', '254', '2009-07-01', '116'),
('40', '255', '2009-07-01', '116'),
('178', '256', '2009-07-01', '116'),
('55', '257', '2009-07-01', '84'),
('84', '258', '2009-07-01', '116'),
('147', '259', '2009-07-01', '116'),
('42', '260', '2009-07-01', '116'),
('9', '261', '2009-07-01', '116'),
('97', '262', '2009-07-01', '203'),
('46', '263', '2009-07-01', '116'),
('56', '264', '2009-07-01', '116'),
('72', '265', '2009-07-01', '116'),
('49', '266', '2009-06-01', '104'),
('164', '267', '2009-07-01', '84'),
('26', '270', '2009-07-01', '116'),
('197', '271', '2009-07-01', '116'),
('122', '272', '2009-07-01', '116'),
('201', '274', '2009-07-01', '116'),
('281', '275', '2009-07-01', '116'),
('202', '276', '2009-07-01', '54'),
('96', '278', '2009-07-01', '116'),
('171', '279', '2009-07-01', '84'),
('283', '280', '2009-07-01', '116'),
('282', '281', '2009-07-01', '116'),
('135', '282', '2009-07-01', '116'),
('284', '283', '2009-07-01', '116'),
('185', '284', '2009-06-01', '116'),
('185', '285', '2009-07-01', '112'),
('285', '286', '2009-07-01', '116'),
('115', '287', '2009-07-01', '116'),
('212', '288', '2009-07-01', '116'),
('286', '289', '2009-07-01', '116'),
('286', '290', '2009-07-01', '116'),
('39', '291', '2009-10-01', '160'),
('287', '292', '2009-07-01', '116'),
('286', '293', '2009-07-01', '116'),
('288', '294', '2009-07-01', '116'),
('89', '295', '2009-07-01', '116'),
('86', '296', '2009-06-01', '116'),
('162', '297', '2009-07-01', '230'),
('105', '298', '2009-07-01', '116'),
('289', '299', '2009-07-01', '260'),
('121', '300', '2009-07-01', '84'),
('290', '301', '2009-07-01', '116'),
('81', '302', '2009-05-01', '384'),
('177', '303', '2009-07-01', '116'),
('291', '304', '2009-07-01', '116'),
('158', '305', '2009-07-01', '116'),
('182', '306', '2009-07-01', '200'),
('292', '307', '2009-07-01', '116'),
('119', '308', '2009-07-01', '116'),
('293', '309', '2009-07-01', '116'),
('18', '310', '2009-07-01', '116'),
('231', '311', '2009-07-01', '89'),
('214', '312', '2009-07-01', '160'),
('90', '313', '2009-07-01', '147'),
('107', '314', '2009-06-01', '116'),
('188', '317', '2009-08-01', '84'),
('206', '316', '2009-07-01', '46'),
('215', '318', '2009-07-01', '160'),
('101', '319', '2009-07-01', '116'),
('296', '321', '2009-07-01', '116'),
('117', '322', '2009-07-01', '147'),
('256', '323', '2009-06-01', '116'),
('23', '324', '2009-07-01', '147'),
('298', '325', '2009-07-01', '116'),
('39', '326', '2009-11-01', '160'),
('39', '327', '2009-12-01', '160'),
('39', '328', '2010-01-01', '120'),
('39', '329', '2010-02-01', '160'),
('288', '9', '2009-08-01', '62'),
('255', '26', '2009-08-01', '116'),
('39', '350', '2010-03-01', '160'),
('5', '351', '2007-09-01', '116'),
('5', '352', '2007-09-01', '116'),
('305', '355', '2009-09-01', '600'),
('305', '356', '2009-10-01', '600'),
('305', '357', '2009-11-01', '600'),
('305', '358', '2009-12-01', '600'),
('305', '359', '2010-01-01', '600'),
('305', '360', '2010-02-01', '600'),
('255', '361', '2009-09-01', '116'),
('255', '362', '2009-10-01', '116'),
('255', '363', '2009-11-01', '116'),
('255', '364', '2009-12-01', '116');


-- Informacion de creacion de la tabla pagofinanciacion

CREATE TABLE `pagofinanciacion` (
  `id_cliente` int(11) NOT NULL,
  `id_recibo` int(11) NOT NULL,
  `pago` float NOT NULL,
  `cuota` int(10) NOT NULL,
  PRIMARY KEY (`id_cliente`,`id_recibo`)
) ENGINE=MyISAM DEFAULT CHARSET=latin1;

-- Volcado de registros en la tabla pagofinanciacion

INSERT INTO pagofinanciacion (id_cliente, id_recibo, pago, cuota) VALUES
('1', '1', '60', '1'),
('1', '2', '60', '2'),
('1', '3', '60', '3'),
('1', '4', '60', '3'),
('1', '5', '60', '3'),
('1', '6', '60', '3'),
('3', '28', '60', '1'),
('3', '29', '60', '2'),
('3', '30', '60', '2'),
('3', '31', '60', '4'),
('32', '45', '0', '1'),
('37', '47', '40', '1'),
('37', '48', '40', '1'),
('37', '49', '60', '3'),
('37', '50', '60', '4'),
('39', '54', '100', '1'),
('39', '55', '120', '2'),
('48', '273', '60', '1'),
('277', '243', '60', '1'),
('45', '61', '60', '1'),
('51', '62', '60', '1'),
('62', '63', '60', '1'),
('68', '71', '60', '1'),
('88', '277', '60', '1'),
('175', '75', '240', '1'),
('207', '236', '60', '2'),
('275', '240', '60', '1'),
('201', '79', '60', '1'),
('202', '80', '60', '1'),
('203', '81', '60', '1'),
('157', '87', '60', '1'),
('157', '88', '60', '2'),
('205', '92', '60', '1'),
('206', '93', '60', '1'),
('62', '96', '60', '2'),
('72', '98', '60', '1'),
('207', '99', '60', '1'),
('78', '101', '60', '1'),
('209', '103', '60', '1'),
('210', '104', '60', '1'),
('179', '106', '60', '1'),
('106', '113', '160', '1'),
('139', '115', '60', '1'),
('54', '116', '60', '1'),
('147', '259', '60', '1'),
('217', '121', '60', '1'),
('279', '250', '240', '1'),
('278', '245', '60', '1'),
('220', '137', '60', '1'),
('247', '244', '60', '2'),
('223', '139', '60', '1'),
('226', '140', '60', '1'),
('224', '149', '60', '1'),
('230', '150', '60', '1'),
('231', '151', '60', '1'),
('234', '153', '60', '1'),
('239', '156', '264', '1'),
('57', '159', '100', '1'),
('57', '160', '100', '2'),
('57', '161', '100', '3'),
('57', '162', '100', '4'),
('57', '163', '100', '4'),
('193', '165', '60', '1'),
('241', '168', '60', '1'),
('205', '170', '60', '2'),
('243', '171', '60', '1'),
('244', '172', '60', '1'),
('204', '174', '60', '1'),
('232', '175', '60', '1'),
('247', '180', '60', '1'),
('251', '183', '60', '1'),
('41', '184', '60', '1'),
('30', '185', '60', '1'),
('252', '186', '60', '1'),
('248', '187', '60', '1'),
('248', '188', '60', '2'),
('276', '241', '60', '1'),
('255', '194', '60', '1'),
('255', '195', '60', '2'),
('266', '216', '60', '1'),
('130', '208', '60', '1'),
('259', '205', '60', '1'),
('203', '237', '60', '2'),
('153', '203', '60', '1'),
('195', '235', '60', '1'),
('268', '222', '60', '1'),
('269', '223', '60', '1'),
('270', '224', '60', '1'),
('271', '225', '60', '1'),
('267', '226', '60', '1'),
('272', '227', '60', '1'),
('265', '228', '60', '1'),
('260', '229', '60', '1'),
('280', '268', '60', '1'),
('122', '272', '60', '1'),
('201', '274', '60', '2'),
('281', '275', '60', '1'),
('202', '276', '60', '2'),
('283', '280', '60', '1'),
('282', '281', '60', '1'),
('284', '283', '60', '1'),
('285', '286', '60', '1'),
('286', '289', '60', '1'),
('286', '290', '60', '1'),
('287', '292', '60', '1'),
('286', '293', '60', '1'),
('288', '294', '60', '1'),
('289', '299', '240', '1'),
('290', '301', '60', '1'),
('291', '304', '60', '1'),
('292', '307', '60', '1'),
('293', '309', '60', '1'),
('231', '311', '60', '2'),
('215', '318', '60', '1'),
('206', '316', '60', '2'),
('296', '321', '240', '1'),
('298', '325', '60', '1'),
('288', '9', '60', '2');


-- Informacion de creacion de la tabla pagossaldos

CREATE TABLE `pagossaldos` (
  `id_cliente` int(11) NOT NULL DEFAULT '0',
  `id_recibo` int(11) NOT NULL,
  `id_tipo` int(11) NOT NULL,
  `que` varchar(150) DEFAULT NULL,
  `pago` float NOT NULL,
  `fecha` date NOT NULL,
  PRIMARY KEY (`id_cliente`,`id_recibo`,`id_tipo`)
) ENGINE=MyISAM DEFAULT CHARSET=latin1;

-- Volcado de registros en la tabla pagossaldos

INSERT INTO pagossaldos (id_cliente, id_recibo, id_tipo, que, pago, fecha) VALUES
('39', '55', '1', '1', '0', '2009-05-20'),
('39', '56', '1', '1', '20', '2009-05-20'),
('157', '88', '0', 'May / 2009', '0', '2009-06-18'),
('39', '329', '0', 'Ene / 2010', '40', '2009-08-08');


-- Informacion de creacion de la tabla parametros

CREATE TABLE `parametros` (
  `soporte` double NOT NULL,
  `preciocable` double NOT NULL
) ENGINE=MyISAM DEFAULT CHARSET=latin1;

-- Volcado de registros en la tabla parametros

INSERT INTO parametros (soporte, preciocable) VALUES
('60', '4');


-- Informacion de creacion de la tabla permiso

CREATE TABLE `permiso` (
  `id_permiso` int(11) NOT NULL AUTO_INCREMENT,
  `permiso` varchar(25) DEFAULT NULL,
  PRIMARY KEY (`id_permiso`)
) ENGINE=MyISAM AUTO_INCREMENT=4 DEFAULT CHARSET=latin1;

-- Volcado de registros en la tabla permiso

INSERT INTO permiso (id_permiso, permiso) VALUES
('1', 'Administrador'),
('2', 'Administrativo'),
('3', 'Soporte Tecnico');


-- Informacion de creacion de la tabla provincia

CREATE TABLE `provincia` (
  `id_provincia` int(11) NOT NULL AUTO_INCREMENT,
  `provincia` varchar(150) NOT NULL,
  PRIMARY KEY (`id_provincia`)
) ENGINE=MyISAM AUTO_INCREMENT=24 DEFAULT CHARSET=latin1;

-- Volcado de registros en la tabla provincia

INSERT INTO provincia (id_provincia, provincia) VALUES
('1', 'Buenos Aires'),
('2', 'C�rdoba'),
('3', 'Santa Fe'),
('4', 'Mendoza'),
('5', 'Tucum�n'),
('6', 'Entre R�os'),
('7', 'Salta'),
('8', 'Misiones'),
('9', 'Chaco'),
('10', 'Corrientes'),
('11', 'Santiago del Estero'),
('12', 'Jujuy'),
('13', 'San Juan'),
('14', 'R�o Negro'),
('15', 'Formosa'),
('16', 'Neuqu�n'),
('17', 'Chubut'),
('18', 'San Luis'),
('19', 'Catamarca'),
('20', 'La Rioja'),
('21', 'La Pampa'),
('22', 'Santa Cruz'),
('23', 'Tierra del Fuego');


-- Informacion de creacion de la tabla recibo

CREATE TABLE `recibo` (
  `id_recibo` int(11) NOT NULL AUTO_INCREMENT,
  `nrorecibo` int(150) NOT NULL,
  `fecha` datetime NOT NULL,
  `id_cliente` int(11) NOT NULL,
  `observacion` blob,
  `fpago` int(11) NOT NULL,
  `q` int(2) NOT NULL,
  PRIMARY KEY (`id_recibo`,`nrorecibo`,`id_cliente`)
) ENGINE=MyISAM AUTO_INCREMENT=365 DEFAULT CHARSET=latin1;

-- Volcado de registros en la tabla recibo

INSERT INTO recibo (id_recibo, nrorecibo, fecha, id_cliente, observacion, fpago, q) VALUES
('1', '2999', '2009-05-11 00:00:00', '1', '', '0', '0'),
('244', '3154', '2009-07-09 00:00:00', '247', '', '0', '0'),
('118', '3035', '2009-06-28 00:00:00', '188', '', '0', '0'),
('117', '3034', '2009-06-28 00:00:00', '214', '', '0', '0'),
('116', '3033', '2009-06-28 00:00:00', '54', 'SE LE APLICO UN DESCUENTO DE $10.00 ERRONEOS', '0', '0'),
('115', '3032', '2009-06-28 00:00:00', '139', '', '0', '0'),
('114', '3031', '2009-06-28 00:00:00', '19', '', '0', '0'),
('113', '3030', '2009-06-28 00:00:00', '106', 'NO SE LE COBRO INTERESES', '0', '0'),
('230', '3141', '2009-07-08 00:00:00', '155', '', '0', '0'),
('111', '3028', '2009-06-28 00:00:00', '180', 'ADEUDA $ 10.00 PARA LA PROXIMA FAC.', '0', '0'),
('110', '3027', '2009-06-28 00:00:00', '10', '', '0', '0'),
('109', '3026', '2009-06-28 00:00:00', '44', '', '0', '0'),
('108', '3025', '2009-06-28 00:00:00', '44', '', '0', '0'),
('107', '3024', '2009-06-28 00:00:00', '212', '', '0', '0'),
('106', '3023', '2009-06-28 00:00:00', '179', '', '0', '0'),
('105', '3022', '2009-06-28 00:00:00', '211', 'pAGO A CUENTA DE REFINACIANCION DE SU DEUDA DE $ 712.00 DEBE $512.00', '0', '0'),
('104', '3021', '2009-06-28 00:00:00', '210', '', '0', '0'),
('102', '3020', '2009-06-28 00:00:00', '208', 'NO SE CONSIDERE EL RECARGO', '0', '0'),
('181', '3093', '2009-07-04 00:00:00', '144', '', '0', '0'),
('182', '3094', '2009-07-04 00:00:00', '12', '', '0', '0'),
('183', '3095', '2009-07-04 00:00:00', '251', '', '0', '0'),
('184', '3096', '2009-07-04 00:00:00', '41', '', '0', '0'),
('100', '3018', '2009-06-28 00:00:00', '104', 'NO SE TIENE EN CUENTA EL RECARGO', '0', '0'),
('99', '3017', '2009-06-28 00:00:00', '207', 'NO SE TIENE EN CUANTA EL RECARGO', '0', '0'),
('98', '3016', '2009-06-28 00:00:00', '72', '', '0', '0'),
('97', '3015', '2009-06-28 00:00:00', '198', '', '0', '0'),
('94', '3014', '2009-06-19 00:00:00', '163', '', '0', '0'),
('93', '3013', '2009-06-19 00:00:00', '206', '', '0', '0'),
('92', '3012', '2009-06-19 00:00:00', '205', '', '0', '0'),
('91', '3011', '2009-06-19 00:00:00', '154', '', '0', '0'),
('90', '3010', '2009-06-19 00:00:00', '63', '', '0', '0'),
('89', '3009', '2009-06-18 00:00:00', '137', 'SE ANEXA ULTIMA CUOTA INSTALACION 4/4', '0', '0'),
('88', '3008', '2009-06-18 00:00:00', '157', '', '0', '0'),
('87', '3007', '2009-06-18 00:00:00', '157', '', '0', '0'),
('86', '3006', '2009-06-18 00:00:00', '53', '', '0', '0'),
('85', '3005', '2009-06-18 00:00:00', '133', 'en el sis anterior figura recivo N° 3004', '0', '0'),
('84', '3004', '2009-06-18 00:00:00', '133', '', '0', '0'),
('83', '3003', '2009-06-18 00:00:00', '61', '', '0', '0'),
('82', '3002', '2009-06-18 00:00:00', '15', '', '0', '0'),
('81', '3001', '2009-06-18 00:00:00', '203', '', '0', '0'),
('80', '3000', '2009-06-18 00:00:00', '202', '', '0', '0'),
('231', '3142', '2009-07-08 00:00:00', '100', '', '0', '0'),
('120', '3037', '2009-06-28 00:00:00', '216', '', '0', '0'),
('121', '3038', '2009-06-28 00:00:00', '217', '', '0', '0'),
('122', '3039', '2009-06-28 00:00:00', '176', '', '0', '0'),
('123', '3040', '2009-06-28 00:00:00', '176', '', '0', '0'),
('124', '3041', '2009-06-28 00:00:00', '73', '', '0', '0'),
('125', '3042', '2009-06-28 00:00:00', '176', '', '0', '0'),
('126', '3043', '2009-06-28 00:00:00', '73', '', '0', '0'),
('127', '3044', '2009-06-28 00:00:00', '73', '', '0', '0'),
('128', '3045', '2009-06-28 00:00:00', '73', '', '0', '0'),
('243', '3153', '2009-07-09 00:00:00', '277', '', '0', '0'),
('241', '3152', '2009-07-08 00:00:00', '276', '', '0', '0'),
('131', '3048', '2009-06-30 00:00:00', '115', '', '0', '0'),
('132', '3049', '2009-06-30 00:00:00', '115', '', '0', '0'),
('133', '3050', '2009-06-30 00:00:00', '115', '', '0', '0'),
('134', '3051', '2009-06-30 00:00:00', '52', '', '0', '0'),
('135', '3052', '2009-06-30 00:00:00', '10', '', '0', '0'),
('136', '3053', '2009-06-30 00:00:00', '111', '', '0', '0'),
('137', '3054', '2009-06-30 00:00:00', '220', '', '0', '0'),
('240', '3151', '2009-07-08 00:00:00', '275', '', '0', '0'),
('139', '3056', '2009-06-30 00:00:00', '223', '', '0', '0'),
('140', '3057', '2009-07-01 00:00:00', '226', '', '0', '0'),
('141', '3058', '2009-07-01 00:00:00', '140', '', '0', '0'),
('142', '3059', '2009-07-01 00:00:00', '140', '', '0', '0'),
('143', '3060', '2009-07-01 00:00:00', '191', '', '0', '0'),
('144', '3061', '2009-07-01 00:00:00', '99', '', '0', '0'),
('145', '3062', '2009-07-01 00:00:00', '109', '', '0', '0'),
('146', '3063', '2009-07-01 00:00:00', '92', '', '0', '0'),
('148', '3064', '2009-07-01 00:00:00', '229', 'NO SE COBRARON INTERESES', '0', '0'),
('150', '3065', '2009-07-01 00:00:00', '230', '', '0', '0'),
('151', '3066', '2009-07-01 00:00:00', '231', 'NO SE COBRAN INTERESES', '0', '0'),
('152', '3067', '2009-07-01 00:00:00', '114', '', '0', '0'),
('153', '3068', '2009-07-01 00:00:00', '234', '', '0', '0'),
('154', '3069', '2009-07-01 00:00:00', '181', '', '0', '0'),
('155', '3070', '2009-07-02 00:00:00', '190', '', '0', '0'),
('156', '3071', '2009-07-02 00:00:00', '239', '', '0', '0'),
('157', '3072', '2009-07-02 00:00:00', '31', '', '0', '0'),
('158', '3073', '2009-07-02 00:00:00', '167', '', '0', '0'),
('169', '3083', '2009-07-03 00:00:00', '124', 'PAGADO CHEQUE N° 03219525', '2', '0'),
('164', '3078', '2009-07-02 00:00:00', '14', '', '0', '0'),
('165', '3079', '2009-07-02 00:00:00', '193', '', '0', '0'),
('166', '3080', '2009-07-03 00:00:00', '60', '', '0', '0'),
('167', '3081', '2009-07-03 00:00:00', '175', '', '0', '0'),
('168', '3082', '2009-07-03 00:00:00', '241', '', '0', '0'),
('170', '3084', '2009-07-03 00:00:00', '205', '', '0', '0'),
('172', '3085', '2009-07-03 00:00:00', '244', 'SE COBRA RECARGO PAGO FUERA DE TERMINO DEL MES DE MAYO', '0', '0'),
('173', '3086', '2009-07-03 00:00:00', '13', '', '0', '0'),
('174', '3087', '2009-07-03 00:00:00', '204', '', '0', '0'),
('175', '3088', '2009-07-03 00:00:00', '232', '', '0', '0'),
('177', '3089', '2009-07-03 00:00:00', '93', '', '0', '0'),
('178', '3090', '2009-07-03 00:00:00', '245', '', '0', '0'),
('179', '3091', '2009-07-04 00:00:00', '131', '', '0', '0'),
('180', '3092', '2009-07-04 00:00:00', '247', 'NO SE COBRARON INTERESES', '0', '0'),
('185', '3097', '2009-07-04 00:00:00', '30', '', '0', '0'),
('186', '3098', '2009-07-04 00:00:00', '252', '', '0', '0'),
('187', '3099', '2009-07-04 00:00:00', '248', '', '0', '0'),
('188', '3100', '2009-07-04 00:00:00', '248', '', '0', '0'),
('190', '3101', '2009-07-04 00:00:00', '171', '', '0', '0'),
('239', '3150', '2009-07-08 00:00:00', '132', '', '0', '0'),
('238', '3149', '2009-07-08 00:00:00', '7', '', '0', '0'),
('237', '3148', '2009-07-08 00:00:00', '203', '', '0', '0'),
('194', '3105', '2009-07-04 00:00:00', '255', '', '0', '0'),
('195', '3106', '2009-07-04 00:00:00', '255', '', '0', '0'),
('196', '3107', '2009-07-05 00:00:00', '255', '', '0', '0'),
('205', '3116', '2009-07-06 00:00:00', '259', '', '0', '0'),
('209', '3120', '2009-07-06 00:00:00', '130', '', '0', '0'),
('208', '3119', '2009-07-06 00:00:00', '130', '', '0', '0'),
('200', '3111', '2009-07-06 00:00:00', '160', 'se cobro recargo', '0', '0'),
('206', '3117', '2009-07-06 00:00:00', '123', '', '0', '0'),
('203', '3114', '2009-07-06 00:00:00', '153', '', '0', '0'),
('204', '3115', '2009-07-06 00:00:00', '199', '', '0', '0'),
('207', '3118', '2009-07-06 00:00:00', '173', '', '0', '0'),
('210', '3121', '2009-07-06 00:00:00', '120', '', '0', '0'),
('211', '3122', '2009-07-06 00:00:00', '50', '', '0', '0'),
('212', '3123', '0000-00-00 00:00:00', '75', '', '0', '0'),
('213', '3124', '0000-00-00 00:00:00', '75', '', '0', '0'),
('214', '3125', '0000-00-00 00:00:00', '65', '', '0', '0'),
('215', '3126', '0000-00-00 00:00:00', '137', '', '0', '0'),
('216', '3127', '0000-00-00 00:00:00', '266', 'NO SE COBRA DESCUENTO', '0', '0'),
('236', '3147', '2009-07-08 00:00:00', '207', '', '0', '0'),
('235', '3146', '2009-07-08 00:00:00', '195', '', '0', '0'),
('234', '3145', '2009-07-08 00:00:00', '47', '', '0', '0'),
('233', '3144', '2009-07-08 00:00:00', '198', '', '0', '0'),
('232', '3143', '2009-07-08 00:00:00', '80', '', '0', '0'),
('222', '3133', '2009-07-07 00:00:00', '268', '', '0', '0'),
('223', '3134', '2009-07-07 00:00:00', '269', '', '0', '0'),
('224', '3135', '2009-07-08 00:00:00', '270', '', '0', '0'),
('225', '3136', '2009-07-08 00:00:00', '271', '', '0', '0'),
('226', '3137', '2009-07-08 00:00:00', '267', '', '0', '0'),
('227', '3138', '2009-07-08 00:00:00', '272', '', '0', '0'),
('228', '3139', '2009-07-08 00:00:00', '265', '', '0', '0'),
('229', '3140', '2009-07-08 00:00:00', '260', '', '0', '0'),
('245', '3155', '2009-07-09 00:00:00', '278', '', '0', '0'),
('246', '3156', '2009-07-10 00:00:00', '110', '', '0', '0'),
('269', '3179', '2009-07-11 00:00:00', '21', '', '0', '0'),
('248', '3158', '2009-07-10 00:00:00', '103', '', '0', '0'),
('249', '3159', '2009-07-10 00:00:00', '196', '', '0', '0'),
('250', '3160', '2009-07-10 00:00:00', '279', '', '0', '0'),
('268', '3178', '2009-07-11 00:00:00', '280', '', '0', '0'),
('252', '3162', '2009-07-10 00:00:00', '33', 'NO SE COBRA DESCUENTO', '0', '0'),
('253', '3163', '2009-07-10 00:00:00', '82', '', '0', '0'),
('254', '3164', '2009-07-10 00:00:00', '11', '', '0', '0'),
('255', '3165', '2009-07-10 00:00:00', '40', '', '0', '0'),
('256', '3166', '2009-07-10 00:00:00', '178', '', '0', '0'),
('257', '3167', '2009-07-10 00:00:00', '55', '', '0', '0'),
('258', '3168', '2009-07-10 00:00:00', '84', '', '0', '0'),
('259', '3169', '2009-07-10 00:00:00', '147', '', '0', '0'),
('260', '3170', '2009-07-10 00:00:00', '42', '', '0', '0'),
('261', '3171', '2009-07-10 00:00:00', '9', '', '0', '0'),
('262', '3172', '2009-07-10 00:00:00', '97', 'no se cobro descuento', '0', '0'),
('263', '3173', '2009-07-10 00:00:00', '46', '', '0', '0'),
('264', '3174', '2009-07-10 00:00:00', '56', '', '0', '0'),
('265', '3175', '2009-07-10 00:00:00', '72', '', '0', '0'),
('266', '3176', '2009-07-10 00:00:00', '49', '', '0', '0'),
('267', '3177', '2009-07-10 00:00:00', '164', '', '0', '0'),
('270', '3180', '2009-07-13 00:00:00', '26', '', '0', '0'),
('271', '3181', '2009-07-13 00:00:00', '197', '', '0', '0'),
('272', '3182', '2009-07-13 00:00:00', '122', '', '0', '0'),
('273', '3183', '2009-07-13 00:00:00', '48', '', '0', '0'),
('274', '3184', '2009-07-13 00:00:00', '201', '', '0', '0'),
('275', '3185', '2009-07-13 00:00:00', '281', '', '0', '0'),
('276', '3186', '2009-07-13 00:00:00', '202', '', '0', '0'),
('277', '3187', '2009-07-13 00:00:00', '88', '', '0', '0'),
('278', '3188', '2009-07-13 00:00:00', '96', '', '0', '0'),
('279', '3189', '2009-07-13 00:00:00', '171', '', '0', '0'),
('280', '3190', '2009-07-13 00:00:00', '283', '', '0', '0'),
('281', '3191', '2009-07-13 00:00:00', '282', '', '0', '0'),
('282', '3192', '2009-07-13 00:00:00', '135', '', '0', '0'),
('283', '3193', '2009-07-13 00:00:00', '284', '', '0', '0'),
('284', '3194', '2009-07-13 00:00:00', '185', '', '0', '0'),
('285', '3195', '2009-07-13 00:00:00', '185', '', '0', '0'),
('286', '3196', '2009-07-14 00:00:00', '285', '', '0', '0'),
('287', '3197', '2009-07-14 00:00:00', '115', '', '0', '0'),
('288', '3198', '2009-07-14 00:00:00', '212', '', '0', '0'),
('289', '3199', '2009-07-14 00:00:00', '286', '', '0', '0'),
('290', '3199', '2009-07-14 00:00:00', '286', '', '0', '0'),
('291', '3200', '2009-07-14 00:00:00', '39', '', '0', '0'),
('292', '3201', '2009-07-14 00:00:00', '287', '', '0', '0'),
('293', '3199', '2009-07-14 00:00:00', '286', '', '0', '0'),
('294', '3202', '2009-07-15 00:00:00', '288', '', '0', '0'),
('295', '3203', '2009-07-15 00:00:00', '89', '', '0', '0'),
('296', '3204', '2009-07-15 00:00:00', '86', '', '0', '0'),
('297', '3205', '2009-07-16 00:00:00', '162', '', '0', '0'),
('298', '3206', '2009-07-16 00:00:00', '105', '', '0', '0'),
('299', '3207', '2009-07-16 00:00:00', '289', '', '0', '0'),
('300', '3208', '2009-07-16 00:00:00', '121', '', '0', '0'),
('301', '3209', '2009-07-16 00:00:00', '290', '', '0', '0'),
('302', '3210', '2009-07-16 00:00:00', '81', '', '0', '0'),
('303', '3211', '2009-07-16 00:00:00', '177', '', '0', '0'),
('304', '3212', '2009-07-17 00:00:00', '291', '', '0', '0'),
('305', '3213', '2009-07-17 00:00:00', '158', '', '0', '0'),
('306', '3214', '2009-07-17 00:00:00', '182', '', '0', '0'),
('307', '3215', '2009-07-17 00:00:00', '292', '', '0', '0'),
('308', '3216', '2009-07-17 00:00:00', '119', '', '0', '0'),
('309', '3217', '2009-07-17 00:00:00', '293', '', '0', '0'),
('310', '3218', '2009-07-17 00:00:00', '18', '', '0', '0'),
('311', '3219', '2009-07-18 00:00:00', '231', '', '0', '0'),
('312', '3220', '2009-07-20 00:00:00', '214', '', '0', '0'),
('313', '3221', '2009-07-20 00:00:00', '90', '', '0', '0'),
('314', '3222', '2009-07-20 00:00:00', '107', '', '0', '0'),
('317', '3225', '2009-07-21 00:00:00', '188', '', '0', '0'),
('316', '3224', '2009-07-21 00:00:00', '206', '', '0', '0'),
('318', '3226', '2009-07-21 00:00:00', '215', '', '0', '0'),
('319', '3227', '2009-07-21 00:00:00', '101', '', '0', '0'),
('321', '3228', '2009-07-21 00:00:00', '296', '', '0', '0'),
('322', '3229', '2009-07-21 00:00:00', '117', '', '0', '0'),
('323', '3230', '2009-07-22 00:00:00', '256', '', '0', '0'),
('324', '3231', '2009-07-22 00:00:00', '23', '', '0', '0'),
('325', '3232', '2009-07-22 00:00:00', '298', '', '0', '0'),
('326', '3233', '2009-08-05 00:00:00', '39', '', '0', '0'),
('327', '3234', '2009-08-05 00:00:00', '39', '', '0', '0'),
('330', '3235', '2009-08-08 00:00:00', '110', '', '0', '1'),
('331', '3236', '2009-08-09 00:00:00', '188', '', '0', '1'),
('332', '3237', '2009-08-09 00:00:00', '118', '', '0', '1'),
('333', '3238', '2009-08-09 00:00:00', '118', '', '0', '1'),
('334', '3238', '2009-08-09 00:00:00', '118', '', '0', '1'),
('335', '3238', '2009-08-09 00:00:00', '118', '', '0', '1'),
('336', '3239', '2009-08-09 00:00:00', '5', '', '0', '1'),
('337', '3240', '2009-08-09 00:00:00', '11', '', '0', '1'),
('338', '3241', '2009-08-09 00:00:00', '11', '', '0', '1'),
('339', '3241', '2009-08-09 00:00:00', '11', '', '0', '1'),
('340', '3242', '2009-08-09 00:00:00', '39', '', '0', '1'),
('341', '3243', '2009-08-09 00:00:00', '39', '', '0', '1'),
('342', '3244', '2009-08-09 00:00:00', '161', '', '0', '1'),
('343', '3245', '2009-08-09 00:00:00', '11', '', '0', '1'),
('344', '3246', '2009-08-09 00:00:00', '288', '', '0', '1'),
('345', '3247', '2009-08-09 00:00:00', '163', '', '0', '1'),
('346', '3248', '2009-08-09 00:00:00', '288', '', '0', '1'),
('347', '3249', '2009-08-09 00:00:00', '288', '', '0', '1'),
('348', '3250', '2009-08-12 00:00:00', '39', '', '0', '1'),
('349', '3251', '2009-08-12 00:00:00', '39', '', '0', '1'),
('350', '3252', '2009-08-31 00:00:00', '39', '', '0', '0'),
('351', '3253', '2009-09-05 09:57:13', '5', '', '0', '0'),
('352', '3253', '2009-09-05 09:57:13', '5', '', '0', '0'),
('353', '3254', '2009-09-05 10:04:30', '5', '', '0', '1'),
('354', '3255', '2009-09-05 10:05:04', '5', '', '0', '1'),
('355', '3256', '2009-09-07 19:50:11', '305', '', '0', '0'),
('356', '3257', '2009-09-07 19:50:33', '305', '', '0', '0'),
('357', '3258', '2009-09-07 19:50:59', '305', '', '0', '0'),
('358', '3259', '2009-09-07 19:52:32', '305', '', '0', '0'),
('359', '3260', '2009-09-07 19:55:14', '305', '', '0', '0'),
('360', '3261', '2009-09-07 20:00:42', '305', '', '0', '0'),
('361', '3262', '2009-09-07 20:45:33', '255', '', '0', '0'),
('362', '3263', '2009-09-07 20:45:44', '255', '', '0', '0'),
('363', '3264', '2009-09-07 20:46:03', '255', '', '0', '0'),
('364', '3265', '2009-09-07 20:49:28', '255', '', '0', '0');


-- Informacion de creacion de la tabla recibo_detalle

CREATE TABLE `recibo_detalle` (
  `id_recibo` int(11) NOT NULL,
  `id_cliente` int(11) NOT NULL,
  `id_detalle` int(11) NOT NULL,
  `cantidad` int(150) NOT NULL,
  `precio` float NOT NULL,
  `id_articulo` int(11) NOT NULL,
  `preciopag` float NOT NULL,
  PRIMARY KEY (`id_recibo`,`id_cliente`,`id_detalle`)
) ENGINE=MyISAM DEFAULT CHARSET=latin1;

-- Volcado de registros en la tabla recibo_detalle

INSERT INTO recibo_detalle (id_recibo, id_cliente, id_detalle, cantidad, precio, id_articulo, preciopag) VALUES
('1', '1', '3', '1', '60', '0', '60'),
('1', '1', '0', '1', '116', '5', '116'),
('11', '1', '0', '1', '116', '5', '116'),
('12', '1', '0', '1', '116', '5', '116'),
('13', '1', '0', '1', '116', '5', '116'),
('14', '1', '0', '1', '116', '5', '116'),
('15', '1', '0', '1', '116', '5', '116'),
('16', '1', '0', '1', '116', '5', '116'),
('17', '1', '0', '1', '116', '5', '116'),
('18', '1', '0', '1', '116', '5', '116'),
('19', '1', '0', '1', '116', '5', '116'),
('20', '1', '0', '1', '116', '5', '116'),
('21', '1', '0', '1', '116', '5', '116'),
('22', '1', '0', '1', '116', '5', '116'),
('23', '1', '0', '1', '116', '5', '116'),
('24', '1', '0', '1', '116', '5', '116'),
('25', '1', '0', '1', '116', '5', '116'),
('26', '1', '0', '1', '116', '5', '116'),
('27', '1', '0', '1', '116', '5', '116'),
('31', '3', '3', '1', '60', '0', '60'),
('31', '3', '0', '1', '156', '5', '156'),
('32', '1', '0', '1', '116', '5', '116'),
('33', '1', '0', '1', '116', '5', '116'),
('34', '1', '0', '1', '116', '5', '116'),
('35', '1', '0', '1', '116', '5', '116'),
('36', '1', '0', '1', '116', '5', '116'),
('37', '1', '0', '1', '116', '5', '116'),
('38', '1', '0', '1', '116', '5', '116'),
('39', '1', '0', '1', '116', '5', '116'),
('40', '1', '0', '1', '116', '5', '116'),
('41', '1', '0', '1', '116', '5', '116'),
('42', '5', '0', '1', '116', '1', '116'),
('43', '5', '0', '1', '116', '1', '147'),
('44', '3', '0', '1', '156', '5', '156'),
('45', '32', '3', '1', '0', '0', '0'),
('45', '32', '0', '1', '100', '5', '100'),
('46', '3', '0', '1', '156', '5', '156'),
('47', '37', '3', '1', '60', '0', '40'),
('47', '37', '0', '1', '600', '7', '500'),
('48', '37', '3', '1', '60', '0', '40'),
('49', '37', '3', '1', '60', '0', '60'),
('49', '37', '5', '1', '20', '0', '20'),
('49', '37', '0', '1', '600', '7', '600'),
('50', '37', '3', '1', '60', '0', '60'),
('50', '37', '0', '1', '600', '7', '600'),
('235', '195', '0', '1', '116', '1', '116'),
('235', '195', '3', '1', '60', '0', '60'),
('234', '47', '2', '1', '47', '0', '47'),
('234', '47', '0', '1', '116', '1', '116'),
('54', '39', '3', '1', '120', '0', '100'),
('54', '39', '0', '1', '160', '3', '160'),
('55', '39', '3', '1', '120', '0', '120'),
('55', '39', '5', '1', '20', '0', '0'),
('55', '39', '0', '1', '80', '3', '80'),
('56', '39', '5', '1', '20', '0', '20'),
('56', '39', '0', '1', '160', '3', '160'),
('57', '28', '0', '1', '84', '6', '84'),
('57', '28', '2', '1', '8', '0', '8'),
('274', '201', '3', '1', '60', '0', '60'),
('273', '48', '0', '1', '116', '1', '116'),
('273', '48', '3', '1', '60', '0', '60'),
('233', '198', '1', '1', '-8', '0', '-8'),
('233', '198', '0', '1', '84', '6', '84'),
('249', '196', '0', '1', '84', '6', '84'),
('190', '171', '1', '1', '-8', '0', '-8'),
('190', '171', '0', '1', '84', '6', '84'),
('61', '45', '3', '1', '60', '0', '60'),
('61', '45', '0', '1', '116', '1', '0'),
('61', '45', '2', '1', '11', '0', '11'),
('62', '51', '3', '1', '60', '0', '60'),
('62', '51', '0', '1', '116', '1', '116'),
('62', '51', '2', '1', '11', '0', '11'),
('63', '62', '3', '1', '60', '0', '60'),
('63', '62', '0', '1', '116', '1', '116'),
('63', '62', '2', '1', '11', '0', '11'),
('270', '26', '0', '1', '116', '1', '116'),
('269', '21', '0', '1', '116', '1', '116'),
('246', '110', '1', '1', '-8', '0', '-8'),
('246', '110', '0', '1', '84', '6', '84'),
('245', '278', '0', '1', '116', '1', '116'),
('245', '278', '3', '1', '60', '0', '60'),
('67', '6', '0', '1', '147', '1', '147'),
('67', '6', '2', '1', '14', '0', '14'),
('244', '247', '0', '1', '77', '1', '77'),
('244', '247', '3', '1', '60', '0', '60'),
('69', '29', '0', '1', '116', '1', '116'),
('69', '29', '2', '1', '11', '0', '11'),
('70', '39', '0', '1', '160', '3', '160'),
('70', '39', '1', '1', '-16', '0', '-16'),
('71', '68', '3', '1', '60', '0', '60'),
('71', '68', '0', '1', '116', '1', '116'),
('71', '68', '2', '1', '12', '0', '12'),
('278', '96', '0', '1', '116', '1', '116'),
('277', '88', '0', '1', '116', '1', '116'),
('277', '88', '3', '1', '60', '0', '60'),
('74', '142', '0', '1', '84', '6', '84'),
('74', '142', '1', '1', '-8', '0', '-8'),
('75', '175', '3', '1', '240', '0', '240'),
('75', '175', '0', '1', '116', '1', '116'),
('76', '42', '0', '1', '116', '1', '116'),
('76', '42', '1', '1', '-11', '0', '-11'),
('212', '75', '2', '1', '30', '0', '30'),
('212', '75', '0', '1', '147', '1', '147'),
('207', '173', '1', '1', '-11', '0', '-11'),
('207', '173', '0', '1', '116', '1', '116'),
('79', '201', '3', '1', '60', '0', '60'),
('79', '201', '0', '1', '116', '1', '116'),
('80', '202', '3', '1', '60', '0', '60'),
('80', '202', '0', '1', '116', '1', '116'),
('81', '203', '3', '1', '60', '0', '60'),
('81', '203', '0', '1', '116', '1', '116'),
('82', '15', '0', '1', '84', '6', '84'),
('83', '61', '0', '1', '147', '1', '147'),
('84', '133', '0', '1', '116', '1', '116'),
('85', '133', '0', '1', '116', '1', '116'),
('86', '53', '0', '1', '160', '3', '160'),
('86', '53', '2', '1', '16', '0', '16'),
('87', '157', '3', '1', '60', '0', '60'),
('87', '157', '0', '1', '116', '1', '38'),
('88', '157', '3', '1', '60', '0', '60'),
('88', '157', '0', '1', '112', '1', '116'),
('88', '157', '4', '1', '78', '0', '0'),
('89', '137', '0', '1', '116', '1', '176'),
('90', '63', '0', '1', '147', '1', '147'),
('91', '154', '0', '1', '116', '1', '116'),
('92', '205', '3', '1', '60', '0', '60'),
('92', '205', '0', '1', '116', '1', '116'),
('93', '206', '3', '1', '60', '0', '60'),
('93', '206', '0', '1', '116', '1', '116'),
('94', '163', '0', '1', '84', '6', '84'),
('95', '25', '0', '1', '116', '0', '116'),
('96', '62', '3', '1', '60', '0', '60'),
('96', '62', '0', '1', '70', '1', '69'),
('97', '198', '0', '1', '84', '6', '84'),
('97', '198', '2', '1', '9', '0', '9'),
('98', '72', '3', '1', '60', '0', '60'),
('98', '72', '0', '1', '116', '1', '116'),
('98', '72', '2', '1', '12', '0', '12'),
('99', '207', '3', '1', '60', '0', '60'),
('99', '207', '0', '1', '116', '1', '116'),
('99', '207', '2', '1', '12', '0', '12'),
('100', '104', '0', '1', '260', '2', '260'),
('100', '104', '2', '1', '26', '0', '26'),
('101', '78', '3', '1', '60', '0', '60'),
('101', '78', '0', '1', '116', '1', '116'),
('101', '78', '2', '1', '12', '0', '12'),
('102', '208', '0', '1', '116', '1', '116'),
('102', '208', '2', '1', '12', '0', '12'),
('103', '209', '3', '1', '60', '0', '60'),
('103', '209', '0', '1', '116', '1', '116'),
('104', '210', '3', '1', '60', '0', '60'),
('104', '210', '0', '1', '116', '1', '116'),
('105', '211', '0', '1', '0', '8', '200'),
('105', '211', '2', '1', '0', '0', '0'),
('106', '179', '3', '1', '60', '0', '60'),
('106', '179', '0', '1', '116', '1', '116'),
('106', '179', '2', '1', '12', '0', '12'),
('107', '212', '0', '1', '116', '1', '116'),
('107', '212', '2', '1', '12', '0', '12'),
('108', '44', '0', '1', '116', '1', '116'),
('108', '44', '2', '1', '12', '0', '12'),
('109', '44', '0', '1', '116', '1', '116'),
('109', '44', '2', '1', '12', '0', '12'),
('110', '10', '0', '1', '116', '1', '116'),
('110', '10', '2', '1', '12', '0', '12'),
('111', '180', '0', '1', '160', '3', '160'),
('111', '180', '2', '1', '16', '0', '16'),
('230', '155', '1', '1', '-11', '0', '-11'),
('230', '155', '0', '1', '116', '1', '116'),
('113', '106', '3', '1', '60', '0', '160'),
('113', '106', '0', '1', '116', '1', '116'),
('113', '106', '2', '1', '12', '0', '12'),
('114', '19', '0', '1', '116', '1', '116'),
('114', '19', '1', '1', '-11', '0', '-11'),
('115', '139', '3', '1', '60', '0', '60'),
('115', '139', '0', '1', '116', '1', '116'),
('116', '54', '3', '1', '60', '0', '60'),
('116', '54', '0', '1', '116', '1', '116'),
('117', '214', '0', '1', '160', '3', '160'),
('117', '214', '2', '1', '16', '0', '16'),
('118', '188', '0', '1', '84', '6', '84'),
('118', '188', '1', '1', '-8', '0', '-8'),
('252', '33', '1', '1', '-14', '0', '-14'),
('231', '100', '1', '1', '-8', '0', '-8'),
('231', '100', '0', '1', '84', '6', '84'),
('120', '216', '0', '1', '84', '6', '84'),
('120', '216', '2', '1', '9', '0', '9'),
('121', '217', '3', '1', '60', '0', '60'),
('121', '217', '0', '1', '116', '1', '116'),
('122', '176', '0', '1', '116', '1', '116'),
('122', '176', '2', '1', '12', '0', '12'),
('123', '176', '0', '1', '116', '1', '116'),
('123', '176', '2', '1', '12', '0', '12'),
('124', '73', '0', '1', '116', '1', '116'),
('124', '73', '2', '1', '12', '0', '12'),
('125', '176', '0', '1', '116', '1', '116'),
('125', '176', '2', '1', '12', '0', '12'),
('126', '73', '0', '1', '116', '1', '116'),
('126', '73', '2', '1', '12', '0', '12'),
('127', '73', '0', '1', '116', '1', '116'),
('127', '73', '2', '1', '12', '0', '12'),
('128', '73', '0', '1', '116', '1', '116'),
('128', '73', '2', '1', '12', '0', '12'),
('252', '33', '0', '1', '147', '1', '147'),
('268', '280', '0', '1', '116', '1', '116'),
('268', '280', '3', '1', '60', '0', '60'),
('250', '279', '0', '1', '160', '3', '160'),
('131', '115', '0', '1', '116', '1', '152'),
('131', '115', '1', '1', '-11', '0', '-11'),
('132', '115', '0', '1', '116', '1', '140'),
('132', '115', '1', '1', '-11', '0', '-11'),
('133', '115', '0', '1', '116', '1', '116'),
('133', '115', '2', '1', '12', '0', '12'),
('134', '52', '0', '1', '116', '1', '116'),
('134', '52', '2', '1', '12', '0', '12'),
('135', '10', '0', '1', '116', '1', '116'),
('135', '10', '1', '1', '-11', '0', '-11'),
('136', '111', '0', '1', '116', '1', '116'),
('136', '111', '1', '1', '-11', '0', '-11'),
('137', '220', '3', '1', '60', '0', '60'),
('137', '220', '0', '1', '116', '1', '116'),
('250', '279', '3', '1', '240', '0', '240'),
('249', '196', '1', '1', '-8', '0', '-8'),
('139', '223', '3', '1', '60', '0', '60'),
('139', '223', '0', '1', '116', '1', '116'),
('140', '226', '3', '1', '60', '0', '60'),
('140', '226', '0', '1', '116', '1', '116'),
('141', '140', '0', '1', '116', '1', '116'),
('141', '140', '2', '1', '12', '0', '12'),
('142', '140', '0', '1', '116', '1', '116'),
('142', '140', '1', '1', '-11', '0', '-11'),
('143', '191', '0', '1', '116', '1', '116'),
('143', '191', '2', '1', '12', '0', '12'),
('144', '99', '0', '1', '160', '3', '160'),
('144', '99', '1', '1', '-16', '0', '-16'),
('145', '109', '0', '1', '160', '3', '160'),
('145', '109', '2', '1', '16', '0', '16'),
('146', '92', '0', '1', '147', '1', '147'),
('146', '92', '2', '1', '15', '0', '15'),
('147', '92', '0', '1', '147', '1', '161'),
('147', '92', '1', '1', '-14', '0', '-14'),
('148', '229', '0', '1', '147', '1', '147'),
('148', '229', '2', '1', '15', '0', '15'),
('149', '224', '3', '1', '60', '0', '60'),
('149', '224', '0', '1', '116', '1', '116'),
('150', '230', '3', '1', '60', '0', '60'),
('150', '230', '0', '1', '116', '1', '116'),
('151', '231', '3', '1', '60', '0', '60'),
('151', '231', '0', '1', '116', '1', '116'),
('151', '231', '2', '1', '12', '0', '12'),
('152', '114', '0', '1', '116', '1', '116'),
('152', '114', '1', '1', '-11', '0', '-11'),
('153', '234', '3', '1', '60', '0', '60'),
('153', '234', '0', '1', '116', '1', '116'),
('154', '181', '0', '1', '84', '6', '84'),
('154', '181', '1', '1', '-8', '0', '-8'),
('155', '190', '0', '1', '116', '1', '116'),
('155', '190', '1', '1', '-11', '0', '-11'),
('156', '239', '3', '1', '264', '0', '264'),
('156', '239', '0', '1', '116', '1', '116'),
('157', '31', '0', '1', '116', '1', '116'),
('157', '31', '1', '1', '-11', '0', '-11'),
('158', '167', '0', '1', '147', '1', '161'),
('158', '167', '1', '1', '-14', '0', '-14'),
('159', '57', '3', '1', '100', '0', '100'),
('159', '57', '0', '1', '116', '1', '670.86'),
('160', '57', '3', '1', '100', '0', '100'),
('160', '57', '0', '1', '112', '1', '670.86'),
('161', '57', '3', '1', '100', '0', '100'),
('161', '57', '0', '1', '116', '1', '670.86'),
('162', '57', '3', '1', '100', '0', '100'),
('162', '57', '0', '1', '116', '1', '670.86'),
('163', '57', '3', '1', '100', '0', '100'),
('163', '57', '0', '1', '116', '1', '670.86'),
('164', '14', '0', '1', '116', '0', '116'),
('164', '14', '1', '1', '-11', '0', '-11'),
('165', '193', '3', '1', '60', '0', '60'),
('165', '193', '0', '1', '116', '1', '116'),
('166', '60', '0', '1', '116', '1', '116'),
('166', '60', '1', '1', '-11', '0', '-11'),
('167', '175', '0', '1', '85', '1', '85'),
('167', '175', '1', '1', '-8', '0', '-8'),
('168', '241', '3', '1', '60', '0', '60'),
('168', '241', '0', '1', '116', '1', '116'),
('169', '124', '0', '1', '851', '5', '936'),
('169', '124', '1', '1', '-85', '0', '-85'),
('170', '205', '3', '1', '60', '0', '60'),
('170', '205', '0', '1', '43', '1', '43'),
('171', '243', '3', '1', '60', '0', '60'),
('171', '243', '0', '1', '116', '1', '116'),
('172', '244', '3', '1', '60', '0', '60'),
('172', '244', '0', '1', '116', '1', '128'),
('173', '13', '0', '1', '116', '1', '116'),
('173', '13', '1', '1', '-11', '0', '-11'),
('174', '204', '3', '1', '60', '0', '60'),
('174', '204', '0', '1', '116', '1', '116'),
('175', '232', '3', '1', '60', '0', '60'),
('175', '232', '0', '1', '116', '1', '116'),
('176', '104', '0', '1', '260', '2', '130'),
('176', '104', '1', '1', '-26', '0', '-26'),
('177', '93', '0', '1', '116', '1', '116'),
('177', '93', '1', '1', '-11', '0', '-11'),
('178', '245', '0', '1', '260', '2', '156'),
('178', '245', '1', '1', '-26', '0', '-26'),
('179', '131', '0', '1', '116', '1', '116'),
('179', '131', '1', '1', '-11', '0', '-11'),
('180', '247', '3', '1', '60', '0', '60'),
('180', '247', '0', '1', '116', '1', '116'),
('180', '247', '2', '1', '12', '0', '12'),
('181', '144', '0', '1', '116', '1', '116'),
('181', '144', '1', '1', '-11', '0', '-11'),
('182', '12', '0', '1', '116', '1', '116'),
('182', '12', '1', '1', '-11', '0', '-11'),
('183', '251', '3', '1', '60', '0', '60'),
('183', '251', '0', '1', '116', '1', '116'),
('184', '41', '3', '1', '60', '0', '60'),
('184', '41', '0', '1', '116', '1', '116'),
('185', '30', '3', '1', '60', '0', '60'),
('185', '30', '0', '1', '116', '1', '116'),
('186', '252', '3', '1', '60', '0', '60'),
('186', '252', '0', '1', '116', '1', '116'),
('187', '248', '3', '1', '60', '0', '60'),
('187', '248', '0', '1', '116', '1', '116'),
('188', '248', '3', '1', '60', '0', '60'),
('188', '248', '0', '1', '54', '1', '54'),
('189', '250', '0', '1', '84', '6', '84'),
('189', '250', '1', '1', '-8', '0', '-8'),
('248', '103', '1', '1', '-29', '0', '-29'),
('248', '103', '0', '1', '295', '2', '295'),
('243', '277', '0', '1', '116', '1', '116'),
('243', '277', '3', '1', '60', '0', '60'),
('241', '276', '0', '1', '116', '1', '116'),
('241', '276', '3', '1', '60', '0', '60'),
('240', '275', '0', '1', '116', '1', '116'),
('194', '255', '3', '1', '60', '0', '60'),
('194', '255', '0', '1', '116', '1', '116'),
('194', '255', '2', '1', '12', '0', '12'),
('195', '255', '3', '1', '60', '0', '60'),
('195', '255', '0', '1', '116', '1', '116'),
('195', '255', '2', '1', '12', '0', '12'),
('196', '255', '0', '1', '116', '1', '116'),
('196', '255', '1', '1', '-11', '0', '-11'),
('205', '259', '0', '1', '116', '1', '116'),
('205', '259', '3', '1', '60', '0', '60'),
('210', '120', '0', '1', '84', '6', '84'),
('209', '130', '1', '1', '-11', '0', '-11'),
('209', '130', '0', '1', '116', '1', '116'),
('208', '130', '2', '1', '12', '0', '12'),
('208', '130', '0', '1', '116', '1', '116'),
('208', '130', '3', '1', '60', '0', '60'),
('200', '160', '0', '1', '116', '1', '116'),
('200', '160', '1', '1', '-11', '0', '-11'),
('206', '123', '0', '1', '84', '6', '84'),
('205', '259', '2', '1', '12', '0', '12'),
('206', '123', '1', '1', '-8', '0', '-8'),
('211', '50', '1', '1', '-11', '0', '-11'),
('211', '50', '0', '1', '116', '1', '116'),
('210', '120', '1', '1', '-8', '0', '-8'),
('203', '153', '3', '1', '60', '0', '60'),
('203', '153', '0', '1', '116', '1', '116'),
('203', '153', '2', '1', '12', '0', '12'),
('204', '199', '0', '1', '116', '1', '116'),
('204', '199', '1', '1', '-11', '0', '-11'),
('213', '75', '0', '1', '147', '1', '147'),
('213', '75', '1', '1', '-14', '0', '-14'),
('214', '65', '0', '1', '116', '1', '116'),
('214', '65', '1', '1', '-11', '0', '-11'),
('215', '137', '0', '1', '116', '1', '116'),
('215', '137', '1', '1', '-11', '0', '-11'),
('216', '266', '3', '1', '60', '0', '60'),
('216', '266', '0', '1', '116', '1', '116'),
('216', '266', '1', '1', '-11', '0', '-11'),
('240', '275', '3', '1', '60', '0', '60'),
('239', '132', '1', '1', '-8', '0', '-8'),
('239', '132', '0', '1', '84', '6', '84'),
('238', '7', '1', '1', '-11', '0', '-11'),
('238', '7', '0', '1', '116', '1', '116'),
('237', '203', '0', '1', '54', '1', '54'),
('237', '203', '3', '1', '60', '0', '60'),
('236', '207', '0', '1', '116', '1', '116'),
('236', '207', '3', '1', '60', '0', '60'),
('232', '80', '1', '1', '-60', '0', '-60'),
('232', '80', '0', '1', '600', '5', '660'),
('222', '268', '3', '1', '60', '0', '60'),
('222', '268', '0', '1', '116', '1', '116'),
('223', '269', '3', '1', '60', '0', '60'),
('223', '269', '0', '1', '116', '1', '116'),
('224', '270', '3', '1', '60', '0', '60'),
('224', '270', '0', '1', '116', '1', '116'),
('225', '271', '3', '1', '60', '0', '60'),
('225', '271', '0', '1', '116', '1', '116'),
('226', '267', '3', '1', '60', '0', '60'),
('226', '267', '0', '1', '116', '1', '116'),
('227', '272', '3', '1', '60', '0', '60'),
('227', '272', '0', '1', '116', '1', '116'),
('228', '265', '3', '1', '60', '0', '60'),
('228', '265', '0', '1', '116', '1', '116'),
('229', '260', '3', '1', '60', '0', '60'),
('229', '260', '0', '1', '116', '1', '116'),
('253', '82', '0', '1', '116', '1', '116'),
('253', '82', '2', '1', '24', '0', '24'),
('254', '11', '0', '1', '116', '1', '116'),
('254', '11', '1', '1', '-11', '0', '-11'),
('255', '40', '0', '1', '116', '1', '116'),
('255', '40', '1', '1', '-11', '0', '-11'),
('256', '178', '0', '1', '116', '1', '116'),
('256', '178', '1', '1', '-11', '0', '-11'),
('257', '55', '0', '1', '84', '6', '84'),
('257', '55', '1', '1', '-8', '0', '-8'),
('258', '84', '0', '1', '116', '1', '116'),
('258', '84', '1', '1', '-11', '0', '-11'),
('259', '147', '3', '1', '60', '0', '60'),
('259', '147', '0', '1', '116', '1', '116'),
('260', '42', '0', '1', '116', '1', '116'),
('260', '42', '1', '1', '-11', '0', '-11'),
('261', '9', '0', '1', '116', '1', '116'),
('261', '9', '1', '1', '-11', '0', '-11'),
('262', '97', '0', '1', '203', '3', '203'),
('262', '97', '1', '1', '-20', '0', '-20'),
('263', '46', '0', '1', '116', '1', '116'),
('263', '46', '1', '1', '-11', '0', '-11'),
('264', '56', '0', '1', '116', '1', '116'),
('264', '56', '1', '1', '-11', '0', '-11'),
('265', '72', '0', '1', '116', '1', '116'),
('265', '72', '1', '1', '-11', '0', '-11'),
('266', '49', '0', '1', '116', '1', '104'),
('266', '49', '2', '1', '24', '0', '24'),
('267', '164', '0', '1', '84', '6', '84'),
('267', '164', '1', '1', '-8', '0', '-8'),
('271', '197', '0', '1', '116', '1', '116'),
('272', '122', '3', '1', '60', '0', '60'),
('272', '122', '0', '1', '116', '1', '116'),
('274', '201', '0', '1', '116', '1', '116'),
('275', '281', '3', '1', '60', '0', '60'),
('275', '281', '0', '1', '116', '1', '116'),
('276', '202', '3', '1', '60', '0', '60'),
('276', '202', '0', '1', '54', '1', '54'),
('279', '171', '0', '1', '84', '6', '84'),
('280', '283', '3', '1', '60', '0', '60'),
('280', '283', '0', '1', '116', '1', '116'),
('281', '282', '3', '1', '60', '0', '60'),
('281', '282', '0', '1', '116', '1', '116'),
('282', '135', '0', '1', '116', '1', '116'),
('283', '284', '3', '1', '60', '0', '60'),
('283', '284', '0', '1', '116', '1', '116'),
('284', '185', '0', '1', '116', '1', '116'),
('284', '185', '2', '1', '12', '0', '12'),
('285', '185', '0', '1', '116', '1', '112'),
('286', '285', '3', '1', '60', '0', '60'),
('286', '285', '0', '1', '116', '1', '116'),
('287', '115', '0', '1', '116', '1', '116'),
('288', '212', '0', '1', '116', '1', '116'),
('289', '286', '3', '1', '60', '0', '60'),
('289', '286', '0', '1', '116', '1', '116'),
('290', '286', '3', '1', '60', '0', '60'),
('290', '286', '0', '1', '116', '1', '116'),
('291', '39', '0', '1', '160', '3', '160'),
('291', '39', '1', '1', '-16', '0', '-16'),
('292', '287', '3', '1', '60', '0', '60'),
('292', '287', '0', '1', '116', '1', '116'),
('293', '286', '3', '1', '60', '0', '60'),
('293', '286', '0', '1', '116', '1', '116'),
('294', '288', '3', '1', '60', '0', '60'),
('294', '288', '0', '1', '116', '1', '116'),
('295', '89', '0', '1', '116', '1', '116'),
('296', '86', '0', '1', '116', '1', '116'),
('296', '86', '2', '1', '12', '0', '12'),
('297', '162', '0', '1', '230', '3', '230'),
('298', '105', '0', '1', '116', '1', '116'),
('299', '289', '3', '1', '240', '0', '240'),
('299', '289', '0', '1', '260', '2', '260'),
('300', '121', '0', '1', '84', '6', '84'),
('301', '290', '3', '1', '60', '0', '60'),
('301', '290', '0', '1', '116', '1', '116'),
('302', '81', '0', '1', '116', '1', '384'),
('302', '81', '2', '1', '24', '0', '24'),
('303', '177', '0', '1', '116', '1', '116'),
('304', '291', '3', '1', '60', '0', '60'),
('304', '291', '0', '1', '116', '1', '116'),
('305', '158', '0', '1', '116', '1', '116'),
('306', '182', '0', '1', '200', '3', '200'),
('307', '292', '3', '1', '60', '0', '60'),
('307', '292', '0', '1', '116', '1', '116'),
('308', '119', '0', '1', '116', '1', '116'),
('309', '293', '3', '1', '60', '0', '60'),
('309', '293', '0', '1', '116', '1', '116'),
('310', '18', '0', '1', '116', '1', '116'),
('311', '231', '3', '1', '60', '0', '60'),
('311', '231', '0', '1', '89', '1', '89'),
('312', '214', '0', '1', '160', '3', '160'),
('313', '90', '0', '1', '147', '1', '147'),
('314', '107', '0', '1', '116', '1', '116'),
('314', '107', '2', '1', '12', '0', '12'),
('317', '188', '1', '1', '-8', '0', '-8'),
('317', '188', '0', '1', '84', '6', '84'),
('316', '206', '3', '1', '60', '0', '60'),
('316', '206', '0', '1', '46', '1', '46'),
('316', '206', '2', '1', '0', '0', '0'),
('318', '215', '3', '1', '60', '0', '60'),
('318', '215', '0', '1', '160', '3', '160'),
('318', '215', '2', '1', '0', '0', '0'),
('319', '101', '0', '1', '116', '1', '116'),
('319', '101', '2', '1', '0', '0', '0'),
('321', '296', '0', '1', '116', '1', '116'),
('321', '296', '3', '1', '240', '0', '240'),
('322', '117', '0', '1', '147', '1', '147'),
('323', '256', '0', '1', '116', '1', '116'),
('323', '256', '2', '1', '12', '0', '12'),
('324', '23', '0', '1', '147', '1', '147'),
('325', '298', '3', '1', '60', '0', '60'),
('325', '298', '0', '1', '116', '1', '116'),
('326', '39', '0', '1', '160', '3', '160'),
('326', '39', '1', '1', '-16', '0', '-16'),
('326', '39', '6', '1', '60', '0', '-16'),
('327', '39', '0', '1', '160', '3', '160'),
('327', '39', '1', '1', '-16', '0', '-16'),
('327', '39', '6', '1', '60', '0', '60'),
('328', '39', '0', '1', '160', '3', '120'),
('328', '39', '1', '1', '-16', '0', '-16'),
('329', '39', '0', '1', '160', '3', '160'),
('329', '39', '4', '1', '40', '0', '40'),
('329', '39', '6', '1', '60', '0', '60'),
('9', '288', '3', '1', '60', '0', '60'),
('9', '288', '0', '1', '62', '1', '62'),
('26', '255', '0', '1', '116', '1', '116'),
('26', '255', '2', '1', '12', '0', '12'),
('350', '39', '0', '1', '160', '3', '160'),
('350', '39', '1', '1', '-16', '0', '-16'),
('351', '5', '0', '1', '116', '1', '116'),
('351', '5', '2', '1', '12', '0', '12'),
('352', '5', '0', '1', '116', '1', '116'),
('352', '5', '2', '1', '12', '0', '12'),
('355', '305', '0', '1', '600', '7', '600'),
('355', '305', '1', '1', '-60', '0', '-60'),
('356', '305', '0', '1', '600', '7', '600'),
('356', '305', '1', '1', '-60', '0', '-60'),
('357', '305', '0', '1', '600', '7', '600'),
('357', '305', '1', '1', '-60', '0', '-60'),
('358', '305', '0', '1', '600', '7', '600'),
('358', '305', '1', '1', '-60', '0', '-60'),
('359', '305', '0', '1', '600', '7', '600'),
('359', '305', '1', '1', '-60', '0', '-60'),
('359', '305', '7', '10', '40', '0', '40'),
('360', '305', '0', '1', '600', '7', '600'),
('360', '305', '1', '1', '-60', '0', '-60'),
('361', '255', '0', '1', '116', '1', '116'),
('361', '255', '1', '1', '-11', '0', '-11'),
('362', '255', '0', '1', '116', '1', '116'),
('362', '255', '1', '1', '-11', '0', '-11'),
('363', '255', '0', '1', '116', '1', '116'),
('363', '255', '1', '1', '-11', '0', '-11'),
('364', '255', '0', '1', '116', '1', '116'),
('364', '255', '1', '1', '-11', '0', '-11');


-- Informacion de creacion de la tabla recibodr

CREATE TABLE `recibodr` (
  `id` int(11) NOT NULL AUTO_INCREMENT,
  `id_recibo` int(11) NOT NULL,
  `id_cliente` int(11) NOT NULL,
  `id_detalle` blob NOT NULL,
  `cantidad` int(150) NOT NULL,
  `precio` float NOT NULL,
  `preciopag` float NOT NULL,
  PRIMARY KEY (`id`,`id_recibo`,`id_cliente`)
) ENGINE=MyISAM AUTO_INCREMENT=24 DEFAULT CHARSET=latin1;

-- Volcado de registros en la tabla recibodr

INSERT INTO recibodr (id, id_recibo, id_cliente, id_detalle, cantidad, precio, preciopag) VALUES
('1', '331', '188', 'Esto es una prueba', '1', '20', '20'),
('2', '332', '118', '1', '1', '1', '1'),
('3', '333', '118', '1', '1', '1', '1'),
('4', '336', '5', '1', '1', '1', '1'),
('5', '337', '11', '1', '1', '1', '1'),
('6', '338', '11', '1', '1', '1', '1'),
('7', '339', '11', '1', '1', '1', '1'),
('8', '340', '39', '1', '11', '1', '1'),
('9', '341', '39', '1', '1', '1', '1'),
('10', '342', '161', 'pRUEBA', '1', '1', '1'),
('11', '343', '11', 'Router 15225', '1', '100', '100'),
('12', '343', '11', 'fichas RJ45', '10', '1.5', '1.5'),
('13', '344', '288', 'eSTO ES UNA pRUEBA', '1', '1', '1'),
('14', '344', '288', '202025225', '10', '20', '200'),
('15', '345', '163', '202020', '10', '2.5', '25'),
('16', '346', '288', '120205', '1', '252', '252'),
('17', '347', '288', '1', '4', '1', '4'),
('18', '347', '288', '1', '1', '1', '1'),
('19', '348', '39', 'Esto es una Prueba', '2', '2.5', '5'),
('20', '348', '39', 'Router', '1', '10', '10'),
('21', '349', '39', 'Prueba', '1', '2', '2'),
('22', '353', '5', 'asa', '1', '10', '10'),
('23', '354', '5', '1', '1', '1', '1');


-- Informacion de creacion de la tabla saldo

CREATE TABLE `saldo` (
  `id_cliente` int(11) NOT NULL,
  `id_tipo` int(11) NOT NULL,
  `saldo` float NOT NULL,
  `que` varchar(150) NOT NULL,
  PRIMARY KEY (`id_cliente`,`id_tipo`)
) ENGINE=MyISAM DEFAULT CHARSET=latin1;

-- Volcado de registros en la tabla saldo

INSERT INTO saldo (id_cliente, id_tipo, saldo, que) VALUES
('49', '0', '12', 'Jun / 2009'),
('39', '1', '0', '1'),
('45', '0', '116', 'May / 2009'),
('157', '0', '78', 'May / 2009'),
('62', '0', '1', 'Jun / 2009'),
('104', '0', '130', 'Jul / 2009'),
('245', '0', '104', 'Jul / 2009'),
('185', '0', '4', 'Jul / 2009'),
('39', '0', '0', 'Ene / 2010');


-- Informacion de creacion de la tabla soporte

CREATE TABLE `soporte` (
  `id_soporte` int(11) NOT NULL AUTO_INCREMENT,
  `id_cliente` int(11) NOT NULL,
  `cargo` int(2) NOT NULL,
  `fecha` date NOT NULL,
  `observaciones` blob,
  `pago` int(2) NOT NULL,
  PRIMARY KEY (`id_soporte`,`id_cliente`)
) ENGINE=MyISAM AUTO_INCREMENT=27 DEFAULT CHARSET=latin1;

-- Volcado de registros en la tabla soporte

INSERT INTO soporte (id_soporte, id_cliente, cargo, fecha, observaciones, pago) VALUES
('2', '38', '0', '2009-07-10', '', '0'),
('3', '6', '0', '2009-07-11', '', '0'),
('4', '118', '0', '2009-07-11', '', '0'),
('5', '75', '0', '2009-07-12', '', '0'),
('6', '118', '0', '2009-07-13', '`sasassa', '0'),
('7', '38', '0', '2009-07-13', 'Esto es una prueba', '0'),
('8', '31', '0', '2009-07-13', '', '0'),
('9', '220', '0', '2009-07-13', '', '0'),
('10', '118', '0', '2009-07-14', 'ffdfdffdfddf', '0'),
('11', '220', '0', '2009-07-15', '', '0'),
('12', '280', '0', '2009-07-16', '', '0'),
('13', '220', '0', '2009-07-16', '', '0'),
('14', '40', '0', '2009-07-17', '', '0'),
('15', '176', '0', '2009-07-17', '', '0'),
('16', '73', '0', '2009-07-17', '', '0'),
('17', '282', '0', '2009-07-17', '', '0'),
('18', '12', '0', '2009-07-19', '', '0'),
('19', '153', '0', '2009-07-21', '', '0'),
('20', '40', '0', '2009-07-21', '', '0'),
('21', '39', '0', '2009-08-05', 'eDASKNFSKDFNN ', '1'),
('22', '39', '1', '2009-08-05', 'ww', '1'),
('23', '39', '0', '2009-08-05', 'haha', '1'),
('24', '39', '0', '2009-08-08', 'Esto es una Prueba', '1'),
('25', '39', '1', '2009-08-08', 'ewwewe', '1'),
('26', '296', '0', '2009-08-31', '', '0');


-- Informacion de creacion de la tabla usuario

CREATE TABLE `usuario` (
  `id_usuario` int(11) NOT NULL AUTO_INCREMENT,
  `usuario` varchar(160) NOT NULL,
  `clave` varchar(150) NOT NULL,
  `persona` varchar(160) DEFAULT NULL,
  `permiso` int(2) NOT NULL,
  `bloqueo` int(2) NOT NULL,
  `fechabloqueo` date NOT NULL,
  `ultimoacceso` date NOT NULL,
  PRIMARY KEY (`id_usuario`)
) ENGINE=InnoDB AUTO_INCREMENT=2 DEFAULT CHARSET=latin1;

-- Volcado de registros en la tabla usuario

INSERT INTO usuario (id_usuario, usuario, clave, persona, permiso, bloqueo, fechabloqueo, ultimoacceso) VALUES
('1', 'admin', 'admin', 'Administrador', '1', '0', '2009-04-01', '2009-09-07');


